Data Source,World Development Indicators,,,,,,,,,,,,,,,,,,,,,,,,,,,,,,,,,,,
,,,,,,,,,,,,,,,,,,,,,,,,,,,,,,,,,,,,
Last Updated Date,3/24/2025,,,,,,,,,,,,,,,,,,,,,,,,,,,,,,,,,,,
,,,,,,,,,,,,,,,,,,,,,,,,,,,,,,,,,,,,
Country Name,Country Code,Indicator Name,Indicator Code,1991,1992,1993,1994,1995,1996,1997,1998,1999,2000,2001,2002,2003,2004,2005,2006,2007,2008,2009,2010,2011,2012,2013,2014,2015,2016,2017,2018,2019,2020,2021,2022,2023
Aruba,ABW,Carbon dioxide (CO2) emissions (total) excluding LULUCF (% change from 1990),EN.GHG.CO2.ZG.AR5,12.59333001,24.73867596,25.13688402,42.16027875,56.39621702,2.837232454,70.58237929,74.66401195,76.95370831,33.69835739,35.14186162,47.63563962,70.18417123,73.66849179,91.53807865,110.9009457,127.7252364,125.9830762,145.2463912,140.0199104,44.44997511,86.61025386,105.2264808,119.3628671,129.9651568,141.3638626,132.2548532,131.9064211,177.7003484,125.286212,149.1786959,150.223992,163.8128422
Africa Eastern and Southern,AFE,Carbon dioxide (CO2) emissions (total) excluding LULUCF (% change from 1990),EN.GHG.CO2.ZG.AR5,-2.064208869,-3.751192635,-3.815637546,-1.61153117,3.612105009,7.512446579,11.94660617,14.05900068,10.56809151,12.26370492,15.28848674,18.88872104,25.23960609,34.57041006,38.44742018,40.91056356,46.85812148,55.05304737,48.10636461,52.03443725,49.33642917,55.05116766,61.36815405,67.51836837,63.38305173,64.87893582,67.64573024,69.73626832,72.23837508,53.40656493,56.55771144,54.38475822,
Afghanistan,AFG,Carbon dioxide (CO2) emissions (total) excluding LULUCF (% change from 1990),EN.GHG.CO2.ZG.AR5,-2.5734036,-37.72157963,-38.92272945,-42.33112039,-49.93498049,-51.50229279,-52.61789063,-51.39278626,-52.92929984,-65.22825269,-67.67161727,-67.75374718,-65.50544111,-69.44425433,-56.66621039,-51.80685785,-31.22989528,31.18198617,108.1582369,166.5423311,290.414756,234.2618575,184.0325782,167.8016563,185.623845,157.600438,176.0283348,171.4393265,148.0699473,141.3968928,171.3982616,182.6603244,197.970707
Africa Western and Central,AFW,Carbon dioxide (CO2) emissions (total) excluding LULUCF (% change from 1990),EN.GHG.CO2.ZG.AR5,5.094504639,13.76635971,11.92411331,8.254325145,18.18493925,36.95908064,37.41648147,32.21526796,33.84201916,42.95375815,51.10258802,41.53311469,52.95566445,51.79535077,52.0774366,45.2162717,40.8890511,48.3705059,42.24882842,60.00977189,70.64535223,72.82188686,89.33262808,98.38822141,97.15012605,106.2196595,107.3786933,118.4698192,129.8408151,123.3263097,137.4481104,138.6041216,
Angola,AGO,Carbon dioxide (CO2) emissions (total) excluding LULUCF (% change from 1990),EN.GHG.CO2.ZG.AR5,4.89550963,7.909569306,8.110803423,2.312411515,15.33831373,39.60661401,46.04699618,51.69490771,60.55455136,47.02467344,44.17890247,41.71333933,54.30560873,57.51734086,39.25133785,45.31774511,51.8676485,70.24228232,87.77903425,102.4798098,110.5834899,120.0771101,154.07321,175.0255995,194.7055838,178.573909,148.8010543,133.8135646,145.516308,84.41326008,124.9441264,143.555611,151.3636728
Albania,ALB,Carbon dioxide (CO2) emissions (total) excluding LULUCF (% change from 1990),EN.GHG.CO2.ZG.AR5,-34.09330324,-64.43942814,-66.55079007,-64.72385252,-68.84875847,-69.07599699,-76.2151994,-71.18585403,-53.55003762,-51.35440181,-48.24228743,-39.70805117,-36.62603461,-33.57411588,-37.5696012,-37.77727615,-36.12641084,-36.8758465,-35.67193378,-31.42362679,-24.93303236,-31.7848006,-28.22723853,-23.31376975,-26.8096313,-31.82392777,-19.61625282,-20.15650865,-25.4552295,-31.36493604,-24.16403311,-30.63957863,-30.89841986
Andorra,AND,Carbon dioxide (CO2) emissions (total) excluding LULUCF (% change from 1990),EN.GHG.CO2.ZG.AR5,,,,,,,,,,,,,,,,,,,,,,,,,,,,,,,,,
Arab World,ARB,Carbon dioxide (CO2) emissions (total) excluding LULUCF (% change from 1990),EN.GHG.CO2.ZG.AR5,3.163990228,9.515322093,17.31826236,24.49927543,28.53678238,32.09914037,38.32038204,39.70121474,41.91389054,47.42323836,56.49510201,61.95695018,66.73124481,75.7738491,88.525158,98.31155792,106.0538286,120.9893321,128.9743307,142.6914952,149.145515,166.3382964,171.3284885,180.9287309,187.6028686,190.9582966,196.1272241,194.9871836,195.808132,184.7966331,204.5930322,213.05459,
United Arab Emirates,ARE,Carbon dioxide (CO2) emissions (total) excluding LULUCF (% change from 1990),EN.GHG.CO2.ZG.AR5,13.77206984,9.905146288,15.86725402,27.56470654,36.06216469,42.19408096,48.18976367,52.01572926,56.71675374,55.49416745,77.99889607,81.97006026,91.28878701,102.1876472,115.2699358,123.5945971,141.0790752,188.7305845,190.6378543,202.2692116,211.6048137,225.2394195,242.6460248,247.8847763,263.2065687,273.0508933,259.0554005,228.8159458,247.4259768,243.6441333,253.8997954,263.6987674,262.1022859
Argentina,ARG,Carbon dioxide (CO2) emissions (total) excluding LULUCF (% change from 1990),EN.GHG.CO2.ZG.AR5,5.395078832,7.309687027,11.0659403,14.46855699,16.05068891,26.33359817,30.68124199,37.74948197,39.67666657,36.50551565,31.10115423,23.8227086,34.99105678,49.45242725,53.39203654,62.31320044,72.83186742,78.97713889,64.60579952,77.0720129,84.52832486,88.5121512,92.87786113,89.7261737,95.88472026,93.80661878,91.02084489,89.48342909,82.94369762,69.80175191,90.30498784,93.11930818,83.4342773
Armenia,ARM,Carbon dioxide (CO2) emissions (total) excluding LULUCF (% change from 1990),EN.GHG.CO2.ZG.AR5,3.936458439,-47.17734756,-75.38366033,-86.48562808,-82.95869606,-87.51642196,-83.93462977,-83.28881959,-85.06166958,-82.82202684,-82.51548356,-85.07562524,-83.29796295,-81.91057791,-78.52512741,-78.60693644,-75.19742446,-72.81918759,-78.33600416,-79.31290032,-76.40194224,-72.71812936,-73.56894336,-72.27972916,-72.97125615,-74.13727557,-72.62477081,-71.36250547,-69.08532683,-66.72874529,-63.86350403,-64.921728,-62.82452924
American Samoa,ASM,Carbon dioxide (CO2) emissions (total) excluding LULUCF (% change from 1990),EN.GHG.CO2.ZG.AR5,0,0,0,0,0,0,0,0,0,0,0,0,0,0,0,0,0,0,0,0,0,0,0,0,0,0,0,0,0,0,0,0,0
Antigua and Barbuda,ATG,Carbon dioxide (CO2) emissions (total) excluding LULUCF (% change from 1990),EN.GHG.CO2.ZG.AR5,0.427611484,1.099572389,-1.466096518,7.33048259,12.33964569,11.42333537,17.89859499,20.70861332,22.29688454,-17.28772144,-19.18142944,-8.552229688,-0.24434942,1.343921808,5.070250458,19.60904093,30.91020159,40.92852779,62.61453879,70.12828345,29.62736714,38.11850947,58.3995113,70.73915699,77.6420281,92.24190593,69.21197312,80.14660965,107.8802688,68.54001222,86.43860721,87.23274282,97.37324374
Australia,AUS,Carbon dioxide (CO2) emissions (total) excluding LULUCF (% change from 1990),EN.GHG.CO2.ZG.AR5,0.727839566,1.944674399,3.352966361,5.280032609,8.994920283,12.58820729,16.08088659,23.18816992,25.35011953,27.42312818,29.77750715,32.73481225,32.55264531,37.53153893,38.30345289,40.48758373,44.27351615,45.5769514,47.72820649,49.53356405,48.64649495,48.83003021,46.06925945,42.68633402,44.22926172,47.09686967,47.93622753,47.34914514,46.86436287,41.34019271,38.5164431,34.98807939,34.53361626
Austria,AUT,Carbon dioxide (CO2) emissions (total) excluding LULUCF (% change from 1990),EN.GHG.CO2.ZG.AR5,6.402119582,-1.705347527,-1.615515446,-0.760242563,4.051053212,10.41775979,9.699590476,10.61123177,7.579845775,8.335702323,15.94673754,18.93572539,26.97610272,29.31449838,30.62201812,27.14244639,22.545578,22.21857623,10.55405113,19.87758145,17.27667469,12.13106712,13.08234499,7.098358818,9.437729149,10.10927675,13.88417347,9.141591928,11.3287513,1.690240142,7.498460834,-0.545165393,-4.457815472
Azerbaijan,AZE,Carbon dioxide (CO2) emissions (total) excluding LULUCF (% change from 1990),EN.GHG.CO2.ZG.AR5,-2.298825999,-19.99668593,-29.82558357,-38.50791903,-39.63416916,-49.39482541,-51.14380046,-51.22095064,-51.19297702,-48.69530667,-50.61497426,-51.02602616,-46.94757886,-47.43649364,-44.37489644,-43.09185148,-48.47009228,-42.57282496,-50.14245167,-52.54141254,-47.49386629,-42.48373699,-40.8254535,-38.13000786,-38.48938873,-38.68092787,-39.01090971,-38.06265735,-34.1082205,-36.91858963,-33.30054896,-29.75092785,-23.80092046
Burundi,BDI,Carbon dioxide (CO2) emissions (total) excluding LULUCF (% change from 1990),EN.GHG.CO2.ZG.AR5,41.16766467,11.17764471,23.70259481,28.14371257,26.14770459,35.57884232,35.57884232,43.11377246,47.35528942,47.05588822,16.96606786,10.47904192,-8.483033932,9.031936128,-8.233532934,15.91816367,85.57884232,10.47904192,11.17764471,60.27944112,109.0319361,101.6467066,127.994012,102.8443114,115.4690619,140.5189621,167.5648703,259.7305389,296.3073852,340.1696607,342.8143713,318.9620758,321.3073852
Belgium,BEL,Carbon dioxide (CO2) emissions (total) excluding LULUCF (% change from 1990),EN.GHG.CO2.ZG.AR5,3.387140506,1.570436047,-0.096624948,5.442255584,5.70588022,10.01695902,7.434594667,10.0127279,6.241419031,7.910466062,8.743219415,2.318307967,6.530603081,5.329915049,2.880701433,0.330459051,-2.405002737,-1.232119204,-7.257492103,-0.718081386,-9.702301902,-10.98562628,-9.831825961,-15.61550697,-11.59628905,-12.56176139,-13.9093297,-13.56591825,-13.7520875,-20.328024,-16.88786498,-22.5106771,-27.20221123
Benin,BEN,Carbon dioxide (CO2) emissions (total) excluding LULUCF (% change from 1990),EN.GHG.CO2.ZG.AR5,-12.1380005,-4.482498111,-3.273734576,-1.712415009,-0.100730295,170.5363888,243.4399396,230.9997482,262.7046084,289.0455805,367.4892974,439.4107278,504.1803072,544.0946865,605.3387056,871.5688743,1007.227399,998.9926971,1079.048099,1179.073281,1148.753463,1089.398136,1151.347268,1274.515235,1362.780156,1699.420801,1723.596072,1976.605389,1921.631831,2059.330144,1526.240242,1566.83455,1521.22891
Burkina Faso,BFA,Carbon dioxide (CO2) emissions (total) excluding LULUCF (% change from 1990),EN.GHG.CO2.ZG.AR5,40.72939013,20.44131168,26.32546736,37.63407907,41.37296966,56.69629176,150.4137297,136.34692,144.4069874,169.3227092,210.6343855,229.7578915,266.411278,227.0609868,248.7281643,255.1026663,399.3564205,484.2476249,465.5531719,503.5856574,584.7686178,700.7661661,842.7520686,745.6328532,1096.628869,1094.422311,1266.411278,1423.230156,1591.173766,1591.541526,1718.020227,1782.899173,1738.584125
Bangladesh,BGD,Carbon dioxide (CO2) emissions (total) excluding LULUCF (% change from 1990),EN.GHG.CO2.ZG.AR5,-4.725849271,6.541556049,14.8026494,21.90022756,47.48469415,49.56520561,62.23993607,65.77653465,76.95589749,82.680013,120.9818768,132.568944,143.6934496,156.695969,173.4375847,194.4831229,212.9368261,247.5436149,273.2669177,311.464485,342.1865688,373.1097957,388.0458634,419.0232703,478.5785881,536.4550035,584.1909574,614.3969768,631.9384244,593.8932383,690.2238988,740.3173593,745.1630818
Bulgaria,BGR,Carbon dioxide (CO2) emissions (total) excluding LULUCF (% change from 1990),EN.GHG.CO2.ZG.AR5,-18.90441487,-22.52305371,-21.50834081,-25.02079893,-23.34189441,-22.97488389,-25.88785817,-28.97784196,-37.39260133,-39.82076695,-37.01334879,-40.54566895,-33.21832504,-35.71582043,-34.43265769,-32.50241717,-28.00085444,-31.84347213,-41.87017971,-38.15572839,-31.56640292,-37.64681046,-44.47260662,-40.89506597,-37.72288582,-41.13540915,-38.44079238,-42.24630928,-44.31995623,-50.66856376,-42.80544445,-37.45568517,-50.29168468
Bahrain,BHR,Carbon dioxide (CO2) emissions (total) excluding LULUCF (% change from 1990),EN.GHG.CO2.ZG.AR5,-3.565087648,13.49015162,22.76254699,25.02896582,27.05949037,31.65234352,35.53167902,43.65794497,44.41980845,48.13410131,53.3937934,60.26556861,65.84367628,66.04789571,94.80199051,112.1298002,115.4881678,130.6337471,130.5228851,140.3562587,141.7582876,151.8675658,167.825855,177.5900441,179.0345839,178.9203878,181.3718544,181.939501,207.1401779,207.1168385,210.7102668,202.4873092,211.9605898
"Bahamas, The",BHS,Carbon dioxide (CO2) emissions (total) excluding LULUCF (% change from 1990),EN.GHG.CO2.ZG.AR5,-9.648315227,-22.07696557,-19.90425336,-11.21340453,2.669858221,14.59215614,15.54962254,32.76560486,19.30583686,-8.230528448,-8.672436015,0.009206408,-25.51095563,-19.57282268,-20.81568772,0.810163874,20.9077518,25.32682747,4.244153931,18.10900387,-21.36807218,-6.380040508,0.441907568,4.60320383,3.130178604,14.64739459,26.45921561,42.01804456,63.12833732,32.3329037,46.3910882,47.00791751,55.00828577
Bosnia and Herzegovina,BIH,Carbon dioxide (CO2) emissions (total) excluding LULUCF (% change from 1990),EN.GHG.CO2.ZG.AR5,-10.50742479,-33.96152704,-44.57597942,-86.57393654,-85.70062385,-82.1003455,-64.50468195,-55.03212863,-55.67795679,-41.88686002,-42.63727409,-39.66084865,-38.19379728,-34.75874025,-31.45390691,-23.94854536,-19.73825036,-11.89593499,-11.86419296,-9.595451937,2.818122256,-5.146684789,-5.543867074,-15.38715099,-15.2520439,-4.360052252,-2.384721504,-2.089683434,-8.055963635,-8.310713748,-6.544961767,-7.570880353,-10.48463564
Belarus,BLR,Carbon dioxide (CO2) emissions (total) excluding LULUCF (% change from 1990),EN.GHG.CO2.ZG.AR5,-3.68714205,-12.97440767,-24.86572742,-35.95122219,-42.74226867,-41.85978418,-41.43488775,-42.85550489,-44.88911378,-46.69094376,-47.89636469,-47.70400525,-47.096699,-43.91651411,-43.12878796,-40.81365202,-42.14538584,-38.63335721,-41.60677939,-37.34796023,-40.33673326,-39.10231627,-38.94966058,-39.38422236,-43.93451819,-44.03401446,-42.93557569,-39.7724473,-41.84253816,-44.88323876,-44.43588461,-46.15205303,-48.66400206
Belize,BLZ,Carbon dioxide (CO2) emissions (total) excluding LULUCF (% change from 1990),EN.GHG.CO2.ZG.AR5,14.64968153,-4.378980892,-6.767515924,-9.474522293,2.308917197,-15.0477707,46.81528662,49.20382166,55.89171975,10.11146497,11.94267516,11.86305732,17.99363057,8.280254777,19.26751592,38.21656051,33.43949045,28.82165605,55.97133758,85.11146497,18.71019108,29.14012739,62.81847134,62.02229299,95.85987261,106.5286624,125.6369427,96.33757962,113.7738854,74.36305732,95.54140127,108.3598726,121.7356688
Bermuda,BMU,Carbon dioxide (CO2) emissions (total) excluding LULUCF (% change from 1990),EN.GHG.CO2.ZG.AR5,-9.742574257,-28.67326733,-20.3960396,-21.14851485,-20.71287129,-19.16831683,-16.99009901,-15.00990099,-13.9009901,-40.47524752,-41.14851485,-34.45544554,-32.27722772,-31.52475248,-26.37623762,-8.277227723,9.742574257,10.41584158,-3.128712871,22.33663366,-39.28712871,-29.66336634,-21.66336634,7.643564356,-8.712871287,23.36633663,12.95049505,23.56435644,41.94059406,24.95049505,31.12871287,31.64356436,38.81188119
Bolivia,BOL,Carbon dioxide (CO2) emissions (total) excluding LULUCF (% change from 1990),EN.GHG.CO2.ZG.AR5,4.799744743,12.88288562,35.03555366,45.74267655,31.75823508,27.37024432,54.44116932,54.54448766,34.82283943,24.60040112,20.51324906,28.58575422,36.95453993,43.50765771,50.86453142,63.68360277,82.12440744,94.99361857,107.3675094,124.5426644,144.3114136,158.6832989,174.7493011,195.4433572,202.886836,224.2767716,230.6110976,233.3475143,233.938556,181.7627932,231.3890239,245.4691868,261.7190349
Brazil,BRA,Carbon dioxide (CO2) emissions (total) excluding LULUCF (% change from 1990),EN.GHG.CO2.ZG.AR5,3.691230947,5.203740064,9.892835657,14.04348717,23.38822669,32.48611139,40.702441,44.80126226,48.04104992,53.99103989,54.83530892,54.87814821,52.69629718,60.97269877,62.71130415,64.67530064,73.22923209,81.89083473,69.88569577,93.82109306,104.2805357,119.3632283,130.5952767,140.7064958,128.1190597,112.6227388,117.9420832,107.483478,106.3188839,97.19451111,123.0073889,111.0735606,111.3335493
Barbados,BRB,Carbon dioxide (CO2) emissions (total) excluding LULUCF (% change from 1990),EN.GHG.CO2.ZG.AR5,-4.62962963,-7.30994152,-11.79337232,-14.11630929,-12.06952567,-14.0188434,2.128005198,12.36192333,17.65756985,-4.402209227,-8.122157245,-1.44574399,3.671215075,2.631578947,5.019493177,13.53151397,9.113060429,28.65497076,29.72709552,33.25211176,10.34762833,4.532163743,18.71345029,8.495776478,17.00779727,25.66601689,10.85120208,20.0617284,35.51007147,9.096816114,23.00194932,23.42430149,29.33723197
Brunei Darussalam,BRN,Carbon dioxide (CO2) emissions (total) excluding LULUCF (% change from 1990),EN.GHG.CO2.ZG.AR5,14.1744186,24.68139535,25.83255814,27.7627907,35.2,42.03255814,51.18604651,33.55813953,39.7255814,41.26976744,36.31627907,29.25348837,50.06046512,45.78604651,39.74186047,100.355814,90.33023256,107.1534884,86.53023256,71.61162791,82.81627907,77.2627907,81.13953488,88.5255814,71.28139535,83.70232558,83.05581395,86.74651163,76.82093023,130.3186047,126.655814,119.7325581,125.955814
Bhutan,BTN,Carbon dioxide (CO2) emissions (total) excluding LULUCF (% change from 1990),EN.GHG.CO2.ZG.AR5,3.973509934,2.98013245,10.20971302,42.77041943,77.7593819,98.3995585,109.7130243,119.5364238,122.2406181,124.7240618,139.9006623,159.9337748,164.9558499,165.4525386,186.1479029,200.4966887,208.3333333,210.7615894,334.9337748,394.3708609,507.1192053,478.4768212,506.8432671,519.3708609,620.0331126,683.2781457,752.3178808,890.5629139,983.9403974,858.5540839,932.1743929,963.3002208,996.4128035
Botswana,BWA,Carbon dioxide (CO2) emissions (total) excluding LULUCF (% change from 1990),EN.GHG.CO2.ZG.AR5,-1.091192518,20.35711755,18.70615744,13.80996245,18.38375965,6.710125416,13.9233331,35.5912988,42.87890597,45.22780415,40.12966768,47.90972862,46.49613831,43.59101538,55.54099058,46.96024942,56.67823992,59.74279034,46.06036987,19.53518033,41.87274144,24.43491816,95.28803231,152.8413519,151.1053638,139.1660171,163.6965918,190.7142351,159.941189,115.705378,133.6994261,158.0138879,163.0447106
Central African Republic,CAF,Carbon dioxide (CO2) emissions (total) excluding LULUCF (% change from 1990),EN.GHG.CO2.ZG.AR5,31.71806167,6.419131529,15.85903084,21.46003776,24.79546885,35.80868471,35.87161737,38.45185651,42.54247955,62.6809314,70.86217747,74.70106986,65.0094399,61.23348018,59.15670233,70.16991819,68.47073631,26.74638137,23.41095028,26.3687854,38.07426054,40.969163,-5.160478288,2.013845186,45.68911265,56.82819383,63.1843927,69.41472624,83.44870988,90.74889868,94.08432977,122.0264317,131.843927
Canada,CAN,Carbon dioxide (CO2) emissions (total) excluding LULUCF (% change from 1990),EN.GHG.CO2.ZG.AR5,-1.351653543,1.545307989,1.396673094,5.307403162,8.045717887,11.2060086,14.78670881,16.64715365,18.82511914,23.28609572,21.30298793,25.78024239,30.24201357,27.07393581,31.92469589,30.20959405,34.85891263,30.44147992,23.00444543,27.49938532,30.74319945,28.78599549,30.59649429,31.78555074,31.02428218,30.73856809,34.63733381,39.3172784,37.86235006,24.11027361,27.50451614,30.61374838,30.54352877
Central Europe and the Baltics,CEB,Carbon dioxide (CO2) emissions (total) excluding LULUCF (% change from 1990),EN.GHG.CO2.ZG.AR5,-8.583914784,-15.68481137,-17.83403164,-19.87715504,-19.26397105,-16.82754624,-19.1855775,-24.22223821,-28.453843,-28.88423832,-27.7320954,-29.30698082,-26.26313042,-26.44620572,-26.48441494,-24.44839159,-23.78575415,-25.6539501,-31.94165965,-29.21172215,-28.98983035,-31.53316873,-33.75564872,-35.45795653,-34.52405799,-33.53688156,-30.72115496,-31.07237962,-34.67061446,-39.00251492,-33.89775686,-34.83782566,
Switzerland,CHE,Carbon dioxide (CO2) emissions (total) excluding LULUCF (% change from 1990),EN.GHG.CO2.ZG.AR5,5.166538346,5.073924056,-0.089043618,-2.17096821,-0.416652719,0.81031924,-2.063401734,1.190595744,1.779979692,-0.021424028,3.155580848,-0.472221292,2.406186188,3.615081623,5.026389493,4.060076546,-0.361307312,2.696749573,-0.347247793,3.404412011,-5.603499258,-2.679119383,-0.430042736,-8.703065198,-10.21323603,-8.970865553,-11.16415046,-14.07781832,-14.35030518,-19.91251855,-16.13564088,-23.20088374,-23.62847164
Channel Islands,CHI,Carbon dioxide (CO2) emissions (total) excluding LULUCF (% change from 1990),EN.GHG.CO2.ZG.AR5,,,,,,,,,,,,,,,,,,,,,,,,,,,,,,,,,
Chile,CHL,Carbon dioxide (CO2) emissions (total) excluding LULUCF (% change from 1990),EN.GHG.CO2.ZG.AR5,-4.300745089,-1.04222172,5.073831565,14.8045458,25.79303078,44.16467224,63.62640175,65.14337322,72.77097915,62.11816061,55.51230526,57.12260104,62.92436216,76.0933243,78.02694363,81.6906751,103.9434033,114.6967713,105.3679536,117.7027169,138.0299541,144.8721307,157.0994205,136.9094604,153.9285015,167.4250019,170.0901633,170.2936705,186.6416798,163.3497403,168.1547377,167.4644389,152.8763453
China,CHN,Carbon dioxide (CO2) emissions (total) excluding LULUCF (% change from 1990),EN.GHG.CO2.ZG.AR5,5.629815567,10.58291172,19.71276486,26.20540917,39.41278472,38.35605136,42.37630618,45.88627631,42.81195162,51.88591645,59.25393983,71.9178531,98.43865653,128.6701359,159.4871274,187.9511646,212.9499737,222.3912324,245.8507626,278.3352866,313.5590456,326.5414887,347.0127448,352.181342,346.3820929,347.5476082,357.1602306,379.332031,390.8541628,397.9718175,422.7900552,418.8638989,449.217162
Cote d'Ivoire,CIV,Carbon dioxide (CO2) emissions (total) excluding LULUCF (% change from 1990),EN.GHG.CO2.ZG.AR5,3.119006763,2.688334847,8.956629992,13.87571078,24.58531005,55.84939941,89.72780189,83.86326167,145.5200027,134.4167424,135.082938,148.5548938,95.62935298,101.7327815,115.1845496,111.2513038,109.7775983,132.7781703,115.7127957,146.1155412,138.1615693,203.4924801,229.7668315,251.9094243,279.0249319,283.6849366,314.8514518,315.2922176,343.8040443,340.1130514,388.3213889,396.7295851,384.926483
Cameroon,CMR,Carbon dioxide (CO2) emissions (total) excluding LULUCF (% change from 1990),EN.GHG.CO2.ZG.AR5,-4.701205275,-8.405376412,0.090448245,8.256031636,8.445341915,11.18613407,11.92654761,16.51206327,12.18947856,20.4370964,19.88809659,18.15275236,20.60116531,18.51664879,15.03544309,17.23985612,41.64195116,48.63170737,62.20315096,64.57794325,56.18308407,57.89949728,71.93790623,86.46010812,93.07545066,103.9523779,107.1454113,121.135441,115.3383395,118.348373,115.2100292,127.7297491,126.2384047
"Congo, Dem. Rep.",COD,Carbon dioxide (CO2) emissions (total) excluding LULUCF (% change from 1990),EN.GHG.CO2.ZG.AR5,-43.77003443,-51.67695595,-53.40733705,-26.30891606,-31.28635878,-24.03241125,-23.82167874,-24.15410186,-29.91511338,-44.31022201,-45.86251929,-43.20313428,-31.19434881,-34.28410305,-26.32969251,-24.28766473,-16.35996676,-14.18140805,-16.61818829,-12.60833432,-0.041552891,-10.50694527,24.46871661,59.8599074,3.612133444,-20.16205627,-7.123352725,-7.909889588,-0.436305354,2.641576635,4.187937789,15.51703669,12.77157782
"Congo, Rep.",COG,Carbon dioxide (CO2) emissions (total) excluding LULUCF (% change from 1990),EN.GHG.CO2.ZG.AR5,2.029775634,-0.494862655,-1.79073181,-10.09016565,14.48941078,37.81505557,41.9207381,68.85300902,74.82491088,89.20109038,84.46215139,19.90354372,49.55336549,51.78863493,81.59781925,102.0213881,78.83413714,85.85447683,106.1564269,121.8871881,103.4221011,87.82134619,128.0645838,121.2707066,141.1365066,134.4223108,131.9438037,167.8339274,202.0339694,209.0207591,194.351017,223.7408262,204.08052
Colombia,COL,Carbon dioxide (CO2) emissions (total) excluding LULUCF (% change from 1990),EN.GHG.CO2.ZG.AR5,3.353606505,7.222762965,13.33922212,12.43733789,17.66672856,15.88752797,25.74299019,27.82131853,11.51538679,17.35222245,16.6551329,12.08119771,11.13711678,11.18456463,14.49578689,9.085419257,13.1910648,13.08154091,19.57852056,23.35278133,32.76770996,33.28607302,51.77441829,54.10442653,56.63922943,61.0094952,46.61610564,53.78579453,55.10852055,51.6547672,64.93791458,72.0884743,89.15882277
Comoros,COM,Carbon dioxide (CO2) emissions (total) excluding LULUCF (% change from 1990),EN.GHG.CO2.ZG.AR5,20.61068702,2.544529262,0.254452926,0,2.544529262,6.361323155,6.615776081,34.60559796,38.67684478,131.2977099,145.2926209,153.9440204,229.2620865,256.4885496,245.5470738,315.5216285,172.0101781,172.519084,238.4223919,298.4732824,261.5776081,275.0636132,349.8727735,294.4020356,332.0610687,404.8346056,549.3638677,609.1603053,710.43257,750.8905852,765.9033079,707.1246819,708.3969466
Cabo Verde,CPV,Carbon dioxide (CO2) emissions (total) excluding LULUCF (% change from 1990),EN.GHG.CO2.ZG.AR5,25.32588454,24.58100559,21.41527002,42.27188082,42.27188082,70.20484171,70.39106145,73.55679702,78.77094972,426.2569832,501.1173184,568.9013035,570.7635009,624.9534451,1032.216015,1142.458101,1291.992551,1256.98324,1222.346369,1303.165736,1538.547486,1312.662942,1280.446927,1345.623836,1360.148976,1431.471136,1519.180633,1529.608939,1628.3054,1717.132216,1748.603352,1831.284916,1773.929236
Costa Rica,CRI,Carbon dioxide (CO2) emissions (total) excluding LULUCF (% change from 1990),EN.GHG.CO2.ZG.AR5,8.148071909,45.52284891,46.27075614,71.63441746,70.37189516,62.69040758,60.43296281,77.40153698,77.07561411,75.64498422,89.39206807,93.29628105,107.7775491,111.5857006,117.9497736,136.7915466,164.1587759,161.9390696,151.3585838,148.5728009,164.3714835,162.2752848,172.5813092,176.3825991,166.5706052,182.8152875,187.8688075,190.02676,181.5527652,146.3393715,175.0960615,177.54906,194.1299575
Caribbean small states,CSS,Carbon dioxide (CO2) emissions (total) excluding LULUCF (% change from 1990),EN.GHG.CO2.ZG.AR5,-4.241840866,-10.57694114,-9.732746471,-0.431981883,7.287010647,10.37238662,19.25137669,25.51828234,19.94346421,42.61822898,44.43335296,31.09995249,31.7807383,40.89828664,48.4202607,46.17435951,54.16557102,60.40183837,59.00287782,79.16040831,70.40837125,99.08919557,102.5298186,115.1473998,119.2667006,142.1974726,120.5571763,122.0025975,156.8377028,153.2003716,187.5101951,192.1291948,
Cuba,CUB,Carbon dioxide (CO2) emissions (total) excluding LULUCF (% change from 1990),EN.GHG.CO2.ZG.AR5,-22.08435505,-38.14730318,-43.43152166,-41.8047925,-38.0759123,-32.93033699,-26.59517232,-27.94073522,-25.92368418,-25.00905319,-28.04135498,-31.29429597,-33.27927285,-34.52369867,-32.1235683,-30.65436467,-28.36830452,-30.81551148,-30.26068018,-27.03903736,-28.17767017,-25.15881884,-24.74495867,-30.35664401,-23.77057661,-29.2006808,-31.47199719,-30.55426224,-36.42538618,-44.12965205,-45.29725507,-46.07505354,-42.92092167
Curacao,CUW,Carbon dioxide (CO2) emissions (total) excluding LULUCF (% change from 1990),EN.GHG.CO2.ZG.AR5,,,,,,,,,,,,,,,,,,,,,,,,,,,,,,,,,
Cayman Islands,CYM,Carbon dioxide (CO2) emissions (total) excluding LULUCF (% change from 1990),EN.GHG.CO2.ZG.AR5,-1.130434783,1.130434783,-6.260869565,10.34782609,15.65217391,14.7826087,17.82608696,20.69565217,22.26086957,14.34782609,13.2173913,24,30.60869565,21.13043478,27.39130435,42.52173913,78.08695652,93.30434783,97.30434783,114.4347826,73.04347826,65.56521739,87.91304348,101.3043478,117.5652174,128.3478261,143.826087,134.5217391,227.4782609,165.7391304,194,195.2173913,211.3043478
Cyprus,CYP,Carbon dioxide (CO2) emissions (total) excluding LULUCF (% change from 1990),EN.GHG.CO2.ZG.AR5,11.25363803,18.32057777,23.85253854,29.11285976,26.30807373,34.12741188,36.06985017,42.61506953,48.24620028,53.75875822,50.85695807,54.67931443,69.0891452,67.90557292,70.4257842,72.6980705,79.11609356,83.11091948,78.64826991,70.60256548,65.04689016,53.51514498,38.82720707,46.94621106,47.78484424,55.66885847,58.712946,55.49638892,55.55675326,46.62929826,48.84553196,54.90568072,54.86256333
Czechia,CZE,Carbon dioxide (CO2) emissions (total) excluding LULUCF (% change from 1990),EN.GHG.CO2.ZG.AR5,-9.269390665,-12.76091896,-15.49736543,-18.81130206,-19.2771856,-16.97731612,-19.02333648,-22.67680613,-27.6624852,-20.04858241,-20.10369081,-23.01887705,-21.04615329,-20.52383197,-22.02517342,-20.97201073,-20.03861214,-23.79402025,-27.66574819,-26.89126967,-28.62923888,-31.10047616,-33.81800933,-35.20363522,-34.56801537,-33.64742707,-33.30493317,-33.93100573,-37.57813066,-42.96304353,-40.08888647,-39.91703526,-45.30684263
Germany,DEU,Carbon dioxide (CO2) emissions (total) excluding LULUCF (% change from 1990),EN.GHG.CO2.ZG.AR5,-2.072620439,-7.396639947,-8.231194367,-9.617419634,-10.08962603,-7.239250977,-10.38571748,-10.47161806,-14.01812145,-13.94782749,-12.55768329,-14.08840553,-13.30218129,-14.73862217,-16.87334334,-15.51541926,-18.36458014,-18.03265564,-24.13335379,-19.51105967,-22.15961476,-20.98323488,-19.22479022,-23.08007963,-22.47159911,-22.04450483,-23.50207042,-26.23976389,-31.19577909,-36.57137645,-33.09153436,-34.89820061,-42.45484544
Djibouti,DJI,Carbon dioxide (CO2) emissions (total) excluding LULUCF (% change from 1990),EN.GHG.CO2.ZG.AR5,25.56514591,7.511302918,5.754212906,8.251130292,10.21372791,14.37525688,15.4027949,17.60172626,21.11590629,-23.98273736,-22.91409782,-20.01644061,-15.73160707,-18.70119194,-22.42087957,-24.91779696,-23.06822852,-16.70776819,-24.95889848,-16.19399918,-34.96711878,-17.04685573,-8.919030004,-8.970406905,-16.80024661,-24.08549116,-31.7920263,-26.1919441,-27.30168516,-24.49650637,-18.53678586,-23.08877928,-23.01685162
Dominica,DMA,Carbon dioxide (CO2) emissions (total) excluding LULUCF (% change from 1990),EN.GHG.CO2.ZG.AR5,0.469483568,1.408450704,82.15962441,140.3755869,176.5258216,203.286385,195.3051643,69.48356808,190.6103286,160.0938967,161.971831,138.028169,170.4225352,188.7323944,184.0375587,201.4084507,260.5633803,245.5399061,252.1126761,262.9107981,179.342723,154.9295775,181.2206573,214.084507,239.9061033,264.7887324,224.8826291,251.6431925,294.8356808,221.1267606,254.4600939,255.8685446,275.1173709
Denmark,DNK,Carbon dioxide (CO2) emissions (total) excluding LULUCF (% change from 1990),EN.GHG.CO2.ZG.AR5,20.3294167,9.46667684,13.89615839,21.48819288,15.56861099,41.17937665,22.55045207,14.94125052,9.262770381,1.392057376,4.440926258,3.527448213,13.8826155,3.267462709,-3.349101591,11.81837256,2.780299851,-3.418151299,-7.597184603,-7.380688971,-17.04974631,-26.38747949,-23.05516347,-30.9420898,-35.00629459,-31.89180941,-35.96230878,-35.80589784,-42.39079846,-46.97917064,-43.9287758,-46.32148171,-48.93201846
Dominican Republic,DOM,Carbon dioxide (CO2) emissions (total) excluding LULUCF (% change from 1990),EN.GHG.CO2.ZG.AR5,4.712373709,21.50641862,19.99527768,40.222943,49.08101256,60.37356,82.4652972,108.6430799,126.1951808,136.2176739,137.8605426,161.1465285,133.5296822,116.4982788,133.4588475,155.6872833,157.8409077,157.4221129,146.4874672,159.9845903,162.4662914,171.8786116,166.8940834,169.5920168,196.6148455,208.999739,195.5063441,218.3934186,254.4793647,234.2939517,268.6661944,268.3927972,289.6009643
Algeria,DZA,Carbon dioxide (CO2) emissions (total) excluding LULUCF (% change from 1990),EN.GHG.CO2.ZG.AR5,4.202507508,17.49171624,14.98545579,12.46284263,16.1550902,12.95286955,10.34031649,12.85988085,17.72924626,21.86398704,18.93172467,24.28626664,33.73522193,33.90068917,40.51826999,46.20568659,50.93286659,57.57137334,60.87392755,64.37895046,72.94375084,94.37536118,101.9188102,114.8174941,128.4696498,123.1040212,130.8107202,142.2912916,151.7337336,138.2133696,149.0906924,158.6560568,149.9436663
East Asia & Pacific (excluding high income),EAP,Carbon dioxide (CO2) emissions (total) excluding LULUCF (% change from 1990),EN.GHG.CO2.ZG.AR5,5.725451612,10.12489059,18.94894011,25.43514314,38.53358257,39.16635079,44.04992104,46.0468405,44.88617986,53.23280325,60.76131663,72.44898592,96.21892102,122.9705661,149.5359727,173.949069,196.0177695,204.6080593,223.3301777,252.7172135,283.4396828,295.3940101,312.3129499,319.3248757,316.1747493,317.8786294,329.0383701,351.3559955,364.5422694,369.8113513,394.2476197,396.1200874,
Early-demographic dividend,EAR,Carbon dioxide (CO2) emissions (total) excluding LULUCF (% change from 1990),EN.GHG.CO2.ZG.AR5,3.59080019,6.658398811,10.24708371,16.09386228,21.40896717,27.22452604,33.01545408,37.22937871,41.41159799,46.55283668,49.20376112,53.980473,60.54507991,69.49879719,76.89262447,86.39816547,97.06466722,103.9861293,109.6656347,119.5529366,127.8138097,139.9826023,141.9540036,153.1345704,155.5810172,160.1929632,171.1214755,177.5111424,175.9056319,157.0831182,174.5549048,187.4985136,
East Asia & Pacific,EAS,Carbon dioxide (CO2) emissions (total) excluding LULUCF (% change from 1990),EN.GHG.CO2.ZG.AR5,4.494634756,7.953894682,14.05190757,19.82888747,29.03477359,30.46333319,33.94488312,33.34358217,34.45148415,41.21189615,45.95141928,54.223301,69.2379256,86.33672807,103.0777972,118.0377467,132.9334143,137.0445931,147.6069611,168.1764923,188.9893698,197.3016592,207.9192079,210.9753602,208.6662974,209.9954401,216.9129548,229.8899581,236.8686217,237.4135665,253.2104034,254.3353964,
Europe & Central Asia (excluding high income),ECA,Carbon dioxide (CO2) emissions (total) excluding LULUCF (% change from 1990),EN.GHG.CO2.ZG.AR5,-4.144458615,-13.530333,-22.89213169,-32.57028438,-34.9091981,-39.71689429,-41.07935261,-40.72127439,-41.51215728,-39.68619172,-41.22920921,-39.24858943,-35.44888079,-35.14359064,-34.54971717,-30.59453498,-27.74471652,-25.40522493,-32.26806286,-28.09228014,-23.93301657,-24.28500887,-24.62679873,-29.21916983,-33.10514107,-30.52009031,-28.11134605,-26.80048078,-28.71792969,-28.79341245,-25.29108205,-26.4829713,
Europe & Central Asia,ECS,Carbon dioxide (CO2) emissions (total) excluding LULUCF (% change from 1990),EN.GHG.CO2.ZG.AR5,-1.641254606,-7.535383813,-12.55247769,-16.96231047,-17.3764466,-17.41514169,-20.06050245,-19.96552335,-20.33534644,-19.3516092,-18.72810967,-18.78723599,-15.98944592,-15.852094,-16.0199191,-14.62011836,-14.5850469,-15.44601476,-21.78753991,-18.56870898,-18.32338191,-19.03813969,-20.85301933,-24.12576615,-24.27510104,-24.22631026,-23.24613946,-22.92333104,-24.33212927,-29.04474464,-24.16976286,-24.92202121,
Ecuador,ECU,Carbon dioxide (CO2) emissions (total) excluding LULUCF (% change from 1990),EN.GHG.CO2.ZG.AR5,0.212485972,5.566790664,2.991323964,7.959394102,18.50109091,36.53334549,42.28926576,39.60727124,23.59676657,25.57009474,38.48103862,38.40698184,41.48717394,49.40270364,60.8564381,72.22244376,75.68317373,81.56612985,97.52935212,112.9080955,115.0340946,116.033861,129.8557032,142.3513595,140.7597086,133.4035923,126.5231484,135.6811229,132.5735868,103.4425006,127.2380811,140.7426185,158.220017
"Egypt, Arab Rep.",EGY,Carbon dioxide (CO2) emissions (total) excluding LULUCF (% change from 1990),EN.GHG.CO2.ZG.AR5,2.37473074,6.496220256,6.865724818,1.881839414,8.989638353,16.85010749,24.34238352,31.27838087,41.42308983,39.7913026,54.31411057,58.42193902,61.58343798,75.31357615,94.95239938,106.4150189,120.7100695,120.7794677,129.8719466,131.4140079,139.7049647,154.5781517,149.9853007,154.7439424,161.6285741,173.3278033,186.4196964,180.4069687,159.0836811,147.1980057,172.933381,170.1183267,172.4911995
Euro area,EMU,Carbon dioxide (CO2) emissions (total) excluding LULUCF (% change from 1990),EN.GHG.CO2.ZG.AR5,0.264315023,-3.371188355,-5.401832688,-5.41565756,-3.700627696,-1.658166631,-2.510855318,-0.826055739,-1.51979788,-0.740560244,0.921366586,1.098360341,3.218841567,3.756672552,3.346326778,2.808725802,1.706345793,-0.553353134,-8.064860909,-5.242874973,-8.447757103,-9.73422029,-11.74207022,-16.18752065,-14.37693734,-14.43768742,-14.24182514,-16.33814179,-20.30431044,-28.45611826,-23.51611195,-23.91706497,
Eritrea,ERI,Carbon dioxide (CO2) emissions (total) excluding LULUCF (% change from 1990),EN.GHG.CO2.ZG.AR5,14.88456865,49.14945322,107.654921,134.1433779,153.3414338,178.5844471,160.8748481,94.22843256,106.3183475,103.6148238,123.3596598,120.3827461,112.7582017,117.8918591,83.53584447,65.06682868,60.9963548,40.64398542,46.08140948,56.95625759,87.30255164,92.67922236,80.2855407,80.92345079,75.45565006,81.37910085,78.03766707,98.9671932,104.5868773,104.0704739,116.3426488,102.7339004,103.0680437
Spain,ESP,Carbon dioxide (CO2) emissions (total) excluding LULUCF (% change from 1990),EN.GHG.CO2.ZG.AR5,3.322513087,6.873135664,0.55500316,5.240910454,10.62378542,6.744586821,15.22229675,18.67866456,28.16147115,35.12290865,35.41434355,42.92414108,46.55064199,53.32788367,59.79216499,55.95023693,61.62942129,48.00074196,31.04036132,25.63410599,26.46177937,23.97504945,12.41458296,11.30065116,18.66119399,14.97404219,21.51549596,18.68340965,11.17572584,-5.639886377,2.488325996,1.575672347,-6.279395303
Estonia,EST,Carbon dioxide (CO2) emissions (total) excluding LULUCF (% change from 1990),EN.GHG.CO2.ZG.AR5,-8.718699426,-33.81107838,-45.91139218,-44.37659716,-49.33606186,-46.87051243,-47.96968906,-52.85975874,-56.59265375,-55.9911458,-55.02189489,-56.94773339,-51.80211781,-50.86021968,-50.92302978,-52.59864097,-43.61933031,-49.00352294,-57.42235482,-45.40080691,-45.10803083,-48.02059563,-41.96550004,-44.48195603,-49.36949304,-49.39785888,-46.2500095,-43.37264874,-62.75006902,-70.92297912,-68.8241596,-68.11830585,-71.03542945
Ethiopia,ETH,Carbon dioxide (CO2) emissions (total) excluding LULUCF (% change from 1990),EN.GHG.CO2.ZG.AR5,-0.946891725,-22.43264261,-1.248799232,14.18050409,29.28045378,45.77558209,52.45871644,62.00082338,59.90119391,77.30204474,118.9744293,125.0949179,140.5928366,162.1151823,150.2813229,164.987878,190.4030008,213.896894,215.8958877,214.5556013,264.0821554,311.0882393,377.6634189,467.4305841,517.9772197,633.342482,625.8954302,698.9204519,761.3238187,672.0323864,690.316088,656.5573396,664.269704
European Union,EUU,Carbon dioxide (CO2) emissions (total) excluding LULUCF (% change from 1990),EN.GHG.CO2.ZG.AR5,-1.415856987,-5.257825166,-6.99856529,-7.299052761,-5.882697247,-3.246240884,-4.995562592,-5.199381293,-6.867631499,-6.473352009,-5.001068418,-5.290990264,-2.806124058,-2.671838938,-3.222399413,-2.827935466,-3.811164388,-6.056412673,-13.1924565,-10.40684354,-12.87114002,-14.59625839,-16.73658126,-20.4974543,-18.92381062,-18.70295196,-17.95766382,-19.67780623,-23.47038786,-30.60397247,-25.57838199,-26.09476204,
Fragile and conflict affected situations,FCS,Carbon dioxide (CO2) emissions (total) excluding LULUCF (% change from 1990),EN.GHG.CO2.ZG.AR5,-4.164438519,-9.245672643,-13.53147872,-20.49305238,-18.4922051,-22.35589494,-21.59229926,-25.67214828,-27.46369042,-24.8540738,-22.73139423,-23.56069191,-20.4471223,-21.34456053,-20.45263769,-21.05052111,-21.42981436,-19.68445218,-24.33934946,-18.42374063,-17.60620474,-14.03009658,-13.18391435,-16.44029002,-23.39876909,-23.0118437,-23.06207558,-20.35861657,-21.60769431,-30.09503613,-26.2222343,-28.01163156,
Finland,FIN,Carbon dioxide (CO2) emissions (total) excluding LULUCF (% change from 1990),EN.GHG.CO2.ZG.AR5,1.21910657,-3.7908985,-1.524150014,10.43924477,4.49561111,15.49745204,11.59538611,5.900945368,4.754408901,2.31886378,13.07329047,16.89762813,31.782681,25.30686659,3.591864322,24.24037068,21.0648951,6.407157404,1.518991845,17.11267042,3.549531763,-6.939338154,-5.148030558,-12.06673604,-18.23234883,-13.19424064,-18.05092358,-15.62871855,-21.48804283,-29.80461211,-29.85530447,-35.69417394,-42.60398602
Fiji,FJI,Carbon dioxide (CO2) emissions (total) excluding LULUCF (% change from 1990),EN.GHG.CO2.ZG.AR5,-12.1773399,-1.428571429,6.75862069,11.66502463,10.70935961,16.0591133,19.87192118,18.83743842,27.34975369,43.90147783,55.87192118,28.82758621,49.86206897,94.93596059,70.48275862,83.28078818,69.81280788,27.21182266,4.719211823,67.08374384,22.64039409,18.66009852,35.22167488,53.59605911,59.25123153,56.82758621,72.39408867,81.78325123,88.97536946,90.62068966,99.81280788,110.6995074,117.7832512
France,FRA,Carbon dioxide (CO2) emissions (total) excluding LULUCF (% change from 1990),EN.GHG.CO2.ZG.AR5,6.505559708,3.025654602,-2.07359995,-3.184191948,-0.835331921,2.977091509,0.831075188,6.540651799,4.903600573,4.137129093,5.209696007,3.799549409,5.079683964,5.358681659,5.942191491,3.154628418,1.298147802,-0.588649058,-3.866385307,-1.949843228,-5.439819141,-4.966153782,-6.301937333,-14.84252684,-13.57407234,-12.84915592,-11.92046139,-14.70176914,-16.22741855,-25.42299985,-17.09109408,-19.41851471,-26.69399801
Faroe Islands,FRO,Carbon dioxide (CO2) emissions (total) excluding LULUCF (% change from 1990),EN.GHG.CO2.ZG.AR5,0,0,0,0,0,0,6.25,6.25,6.25,12.5,12.5,12.5,18.75,18.75,18.75,18.75,18.75,25,25,25,25,25,25,25,25,25,25,25,25,31.25,31.25,31.25,31.25
"Micronesia, Fed. Sts.",FSM,Carbon dioxide (CO2) emissions (total) excluding LULUCF (% change from 1990),EN.GHG.CO2.ZG.AR5,,,,,,,,,,,,,,,,,,,,,,,,,,,,,,,,,
Gabon,GAB,Carbon dioxide (CO2) emissions (total) excluding LULUCF (% change from 1990),EN.GHG.CO2.ZG.AR5,-20.04828961,-19.43251608,-17.63705012,-18.23499862,-8.110385507,2.617037481,-1.981818476,12.18421351,6.788092885,7.006854532,9.228500591,4.872713131,18.97392685,7.352011797,3.565004618,-7.528641571,-16.14298909,-10.57510006,-11.71266063,-3.464536306,-5.705627846,-4.569687738,-1.531331529,1.539433812,4.359028374,5.329681904,-8.821765974,-14.80125099,-11.86498355,-13.96023399,-16.74579897,-12.57636402,-20.16172157
United Kingdom,GBR,Carbon dioxide (CO2) emissions (total) excluding LULUCF (% change from 1990),EN.GHG.CO2.ZG.AR5,1.56818334,-0.71548161,-3.471681071,-4.760804947,-5.884220631,-2.573164889,-6.157304297,-6.052195505,-6.633547924,-5.266481096,-3.338290269,-6.086230079,-3.764409315,-3.676678418,-3.953076248,-3.879494942,-5.515644399,-8.345699915,-16.99798574,-14.0329081,-21.17829686,-17.37085493,-19.26288188,-26.07590981,-28.58990056,-32.45564086,-34.52630639,-35.91119758,-38.6394413,-45.21932724,-41.70243273,-43.76899419,-48.12332467
Georgia,GEO,Carbon dioxide (CO2) emissions (total) excluding LULUCF (% change from 1990),EN.GHG.CO2.ZG.AR5,-22.84362278,-39.33902414,-51.44367381,-68.3380499,-75.29749133,-80.00226163,-82.46308904,-84.09465211,-85.82711868,-84.88738242,-88.75360991,-89.584324,-88.53266606,-87.50594403,-85.56645133,-83.52953457,-80.87849828,-83.53156424,-81.24151889,-81.75502488,-78.0140569,-76.01715359,-73.48122847,-71.4767864,-69.13309982,-68.03678918,-67.61519815,-67.71523179,-65.4382343,-66.52120713,-64.77888217,-63.36768305,-62.70166201
Ghana,GHA,Carbon dioxide (CO2) emissions (total) excluding LULUCF (% change from 1990),EN.GHG.CO2.ZG.AR5,-7.285212392,9.460236346,12.92877675,20.20440754,29.16640051,40.17566273,47.45768125,100.2491217,118.5404024,94.37559885,109.9393165,147.5726605,132.4848291,117.2021718,129.565634,178.549984,194.1967423,179.348451,220.894283,259.2494411,287.4704567,367.5886298,397.0648355,379.0067071,404.2638135,417.198978,441.810923,511.063558,545.2060045,607.4097732,698.7703609,691.7183009,671.7598211
Gibraltar,GIB,Carbon dioxide (CO2) emissions (total) excluding LULUCF (% change from 1990),EN.GHG.CO2.ZG.AR5,41.16828929,67.59388039,69.74965229,100.4172462,96.03616134,100.4172462,106.8845619,117.8025035,126.4951321,137.2739917,143.3936022,147.705146,152.0862309,173.852573,182.5452017,195.6189152,193.4631433,199.930459,228.1641168,230.3894298,219.4714882,226.0083449,247.705146,273.6439499,308.3449235,325.8692629,351.8776078,379.6244784,398.8873435,344.6453408,349.7218359,369.4019471,378.8595271
Guinea,GIN,Carbon dioxide (CO2) emissions (total) excluding LULUCF (% change from 1990),EN.GHG.CO2.ZG.AR5,-2.939932318,-12.98646362,-10.31091371,-8.883248731,-7.191201354,-3.838832487,-2.749576988,0.687394247,4.166666667,55.56260575,65.63028765,78.60617597,88.72673435,93.45389171,85.48011844,98.24450085,104.6954315,118.9403553,131.9373942,166.6455161,183.0266497,169.0249577,142.9357022,151.5968697,200.8883249,238.7161591,239.7525381,243.3481387,264.4458545,280.8269882,288.4306261,302.7918782,292.9145516
"Gambia, The",GMB,Carbon dioxide (CO2) emissions (total) excluding LULUCF (% change from 1990),EN.GHG.CO2.ZG.AR5,24.69337694,6.050695012,11.12019624,27.55519215,21.66802944,26.24693377,26.32869992,37.12183156,41.210139,119.2968111,142.1095666,151.5944399,155.6009812,166.5576451,170.891251,202.9435814,215.5355683,220.7686018,255.7645135,261.9787408,282.420278,268.1929681,269.4194603,296.4022895,312.3466885,315.6991006,318.8879804,322.8127555,357.3998365,380.212592,388.5527392,410.3025348,395.3393295
Guinea-Bissau,GNB,Carbon dioxide (CO2) emissions (total) excluding LULUCF (% change from 1990),EN.GHG.CO2.ZG.AR5,25.31120332,12.21102549,20.62833432,20.21339656,23.53289864,22.22880854,28.15649081,30.64611737,34.49911085,20.15411974,24.54060462,31.59454653,55.48310611,59.81031417,63.36692353,73.02904564,81.80201541,73.62181387,83.75815056,86.89982217,90.45643154,92.47184351,97.86603438,102.8452875,113.040901,122.3473622,78.00829876,79.07528156,89.80438648,98.87374037,102.3117961,111.3218731,105.0978068
Equatorial Guinea,GNQ,Carbon dioxide (CO2) emissions (total) excluding LULUCF (% change from 1990),EN.GHG.CO2.ZG.AR5,4.219409283,4.219409283,8.579465541,1604.219409,1710.548523,1880.168776,2623.206751,3211.111111,3518.565401,3760.196906,4964.135021,4417.862166,4950.070323,8732.489451,8895.35865,8882.137834,9937.130802,9192.123769,7604.360056,7939.240506,8274.120956,7769.338959,7949.648383,7942.053446,7504.64135,7479.887482,6773.417722,6485.935302,6306.610408,6185.513361,6029.676512,5752.601969,5211.954993
Greece,GRC,Carbon dioxide (CO2) emissions (total) excluding LULUCF (% change from 1990),EN.GHG.CO2.ZG.AR5,0.033888645,2.765518817,2.158218895,4.240573437,8.152786442,8.138024343,9.356603536,13.78805733,14.10922926,23.30152422,25.93919042,25.8934921,30.717361,30.38900057,33.01857971,31.41913836,36.0657337,30.71569224,23.50626812,14.3637792,10.56902116,4.677659938,-5.181240068,-8.854692165,-10.85283856,-12.51081484,-12.22468685,-14.53091184,-20.90197709,-32.77096154,-30.42763876,-29.4855601,-33.66811207
Grenada,GRD,Carbon dioxide (CO2) emissions (total) excluding LULUCF (% change from 1990),EN.GHG.CO2.ZG.AR5,0.393700787,3.74015748,16.92913386,36.61417323,22.63779528,30.90551181,78.54330709,55.90551181,57.87401575,12.79527559,14.56692913,24.60629921,37.00787402,30.31496063,40.15748031,59.84251969,77.55905512,94.09448819,108.8582677,133.6614173,80.90551181,87.00787402,141.1417323,116.3385827,130.3149606,150.7874016,151.7716535,157.480315,195.6692913,139.9606299,165.3543307,166.3385827,180.9055118
Greenland,GRL,Carbon dioxide (CO2) emissions (total) excluding LULUCF (% change from 1990),EN.GHG.CO2.ZG.AR5,9.090909091,9.090909091,9.090909091,9.090909091,9.090909091,18.18181818,18.18181818,18.18181818,18.18181818,18.18181818,27.27272727,27.27272727,27.27272727,55609.09091,56190.90909,57618.18182,56754.54545,58481.81818,50700,59054.54545,62800,49527.27273,49636.36364,44363.63636,47727.27273,47690.90909,46627.27273,47109.09091,47518.18182,47854.54545,49754.54545,52245.45455,52827.27273
Guatemala,GTM,Carbon dioxide (CO2) emissions (total) excluding LULUCF (% change from 1990),EN.GHG.CO2.ZG.AR5,5.699614235,23.91232149,37.58015482,48.70602662,73.53805278,70.43660425,78.23876555,122.3360499,121.4035715,147.4363232,159.9340878,173.1752804,171.9847738,177.2270904,200.7408732,204.4069182,224.4743632,195.5547607,211.6036073,200.8660552,210.3032471,221.4291189,245.7910738,271.2847763,333.6560815,360.8665662,338.1984007,379.1354776,402.7565593,350.7114938,417.1601563,410.3671154,445.4206372
Guam,GUM,Carbon dioxide (CO2) emissions (total) excluding LULUCF (% change from 1990),EN.GHG.CO2.ZG.AR5,0,0,0,0,0,0,0,50,50,50,50,50,50,50,50,0,50,50,50,50,50,50,50,0,0,50,50,50,100,100,100,100,100
Guyana,GUY,Carbon dioxide (CO2) emissions (total) excluding LULUCF (% change from 1990),EN.GHG.CO2.ZG.AR5,-2.368578001,-7.770299054,-7.233534975,20.55039618,30.56147227,34.77038425,46.88591633,49.05001278,48.04464514,41.61199625,40.20618557,38.34029139,37.9994888,42.58328363,26.38664054,13.70878419,36.91744057,36.7896396,38.79185482,50.05538042,56.20686717,70.62281673,68.47576042,75.9478572,76.75726336,109.3550311,110.3433586,119.8858311,137.9994888,183.7011161,178.5890773,183.0535912,181.5199796
High income,HIC,Carbon dioxide (CO2) emissions (total) excluding LULUCF (% change from 1990),EN.GHG.CO2.ZG.AR5,-0.368014637,-1.845507959,-2.512647163,-2.464492481,-1.530707165,0.716965741,1.611766007,1.60864794,2.417853332,4.70357425,5.087305209,4.461521965,6.639672447,7.680924239,8.063738521,7.965298419,9.200754646,7.128242155,0.934794795,5.479630829,4.722346919,3.526873226,3.71955184,2.370891914,2.197264038,1.358689903,1.17832595,1.848636456,-0.083499842,-7.727848534,-2.397848453,-1.818864659,
"Hong Kong SAR, China",HKG,Carbon dioxide (CO2) emissions (total) excluding LULUCF (% change from 1990),EN.GHG.CO2.ZG.AR5,9.850248824,24.10571611,26.87674063,8.828413916,10.22291467,3.000159795,-1.811395699,21.48107565,29.94766699,19.56381546,19.43797653,16.85414099,27.02968771,16.28401361,22.71549559,21.0798749,26.78371684,23.07218189,28.82225038,20.49633612,28.92697347,27.39950007,31.79073643,35.69573803,26.25382368,28.63334931,25.93794229,25.72193307,24.15023056,0.317308131,0.086460759,-6.899454413,-1.061498425
Honduras,HND,Carbon dioxide (CO2) emissions (total) excluding LULUCF (% change from 1990),EN.GHG.CO2.ZG.AR5,0.78121683,13.26794888,18.7279752,35.67698382,60.20889059,69.88918609,74.50430943,102.2799643,105.018469,112.0918779,149.883242,163.9026876,192.1156541,232.2888804,201.0826646,245.7054303,267.7323483,267.6559249,246.6819513,238.6787246,302.6705728,321.2499469,311.7182525,321.4494969,346.9069758,340.1350146,296.4760328,281.964081,331.40152,274.2240903,319.5728782,338.5173863,364.7306076
Heavily indebted poor countries (HIPC),HPC,Carbon dioxide (CO2) emissions (total) excluding LULUCF (% change from 1990),EN.GHG.CO2.ZG.AR5,-2.271528295,-2.062903518,-0.058185875,7.819769925,13.04647956,21.07011549,30.15161722,35.4440298,40.13116148,41.95829933,49.34991348,56.35942553,62.44453531,71.15091211,79.87974558,95.5803427,110.7548262,121.6588902,134.7006879,153.1667578,175.3492443,193.7666785,206.9645966,223.1704974,244.659284,266.0983336,278.8874242,294.7719641,315.1070865,298.9049089,334.5305433,346.3184145,
Croatia,HRV,Carbon dioxide (CO2) emissions (total) excluding LULUCF (% change from 1990),EN.GHG.CO2.ZG.AR5,-27.14371049,-34.29656148,-33.03974118,-35.8584664,-33.62746002,-30.8051267,-26.56400964,-23.73005023,-20.15121934,-22.32730247,-17.65441651,-14.38387742,-8.814179018,-8.891151745,-8.400851511,-7.65557912,-1.765161021,-6.512213407,-13.12144452,-16.05683153,-18.00680728,-24.68940302,-26.31825817,-29.14179419,-27.74987071,-26.74521627,-24.64931306,-28.78258813,-27.98359519,-30.86085175,-28.96018666,-30.073084,-30.01695805
Haiti,HTI,Carbon dioxide (CO2) emissions (total) excluding LULUCF (% change from 1990),EN.GHG.CO2.ZG.AR5,-2.400560715,-9.190467847,-23.1294901,-63.72875416,-1.314175574,12.16926581,31.01454354,34.23865428,40.40651831,48.46679516,51.35798143,70.93043631,69.69511127,56.85123533,60.20676362,62.16050464,91.28263536,89.4603119,85.9558437,127.5889259,157.8762923,141.5980375,160.8112844,182.7930612,206.0714912,213.4308744,214.1755739,211.6348344,214.8852287,203.3467671,198.7383914,197.1876643,209.8387945
Hungary,HUN,Carbon dioxide (CO2) emissions (total) excluding LULUCF (% change from 1990),EN.GHG.CO2.ZG.AR5,-5.383905942,-14.66791849,-13.29611967,-13.64816077,-13.77509468,-12.0764203,-13.83303075,-13.9692289,-13.40784363,-17.75885599,-15.65172543,-17.07344053,-13.34285568,-15.91859084,-15.37089452,-16.11438432,-18.23575692,-20.04394292,-28.52818887,-27.63522679,-28.89018558,-34.12199206,-38.07063222,-38.02320485,-34.27229398,-33.26097086,-29.25591563,-29.6086481,-29.79158226,-32.24148969,-30.51336332,-34.18075776,-39.40191728
IBRD only,IBD,Carbon dioxide (CO2) emissions (total) excluding LULUCF (% change from 1990),EN.GHG.CO2.ZG.AR5,1.062636467,-0.130923828,0.080242427,-0.118735045,4.498454706,5.042450855,6.609721654,7.469541461,7.754465573,11.950796,14.81795598,19.25240539,29.09233504,39.54662855,49.39192376,59.76316578,69.38419716,74.07325258,78.49206097,91.52201215,104.2379038,111.1779014,116.9919765,120.2742712,118.6315074,119.512948,125.2931625,134.2617392,137.6455746,132.745418,147.1400703,149.3658604,
IDA & IBRD total,IBT,Carbon dioxide (CO2) emissions (total) excluding LULUCF (% change from 1990),EN.GHG.CO2.ZG.AR5,1.103766912,-0.047751308,0.134531273,-0.093993931,4.462942548,5.302785656,6.893368059,7.891806853,8.330931501,12.59683496,15.52611299,19.75499088,29.32340404,39.55570373,49.14395168,59.28790185,68.71194626,73.36322703,77.49050001,90.32622519,102.7713455,109.3553602,115.071405,118.5038599,117.0891022,118.5705448,124.6348756,133.4677736,136.9090849,131.8832143,146.3380819,148.4578012,
IDA total,IDA,Carbon dioxide (CO2) emissions (total) excluding LULUCF (% change from 1990),EN.GHG.CO2.ZG.AR5,1.990644754,1.745661452,1.30513798,0.439487921,3.697209362,10.91627139,13.00951173,16.99693129,20.76101481,26.52709102,30.79579358,30.59202271,34.30584405,39.75138793,43.79703779,49.03999303,54.2164934,58.0532559,55.89427799,64.54199265,71.14858844,70.05670061,73.65896099,80.32925273,83.83089245,98.24991572,110.4405224,116.3478385,121.0284794,113.2918919,129.0451549,128.8777171,
IDA blend,IDB,Carbon dioxide (CO2) emissions (total) excluding LULUCF (% change from 1990),EN.GHG.CO2.ZG.AR5,2.883208649,4.877115835,6.049237541,3.042287136,4.50311167,11.22041811,11.89424338,14.92064266,18.24807329,24.82649678,27.8790027,24.8774874,26.74062474,31.52591438,30.63904876,34.14004123,35.54238267,37.37748287,31.75017831,38.97503037,43.95955678,38.50995575,43.88329575,47.68866323,47.78753832,57.78873554,64.25764795,63.89337374,66.74202925,61.09353117,74.51643242,70.85748461,
Indonesia,IDN,Carbon dioxide (CO2) emissions (total) excluding LULUCF (% change from 1990),EN.GHG.CO2.ZG.AR5,7.965226464,12.84363406,23.53537127,31.50418289,47.79679833,55.78075414,70.31794148,71.99999753,82.51729838,84.87799963,97.54441575,100.8705747,118.5947798,122.6288832,124.1386664,137.0120943,148.4151758,145.568686,154.2829627,174.2677938,209.0453473,211.7056563,193.5990758,212.2514035,216.7345168,213.4395116,231.1430094,269.3184249,293.9406546,267.3321869,282.8250036,305.9071,316.9510478
IDA only,IDX,Carbon dioxide (CO2) emissions (total) excluding LULUCF (% change from 1990),EN.GHG.CO2.ZG.AR5,0.16620381,-4.655172843,-8.39201595,-4.880751318,2.049908617,10.29458174,15.28917065,21.24095911,25.89758085,30.00318252,36.75784599,42.27279118,49.76949425,56.56462764,70.6925621,79.49616797,92.38721977,100.3154705,105.245909,116.8020192,126.724198,134.539673,134.5217666,147.048093,157.5051374,180.9543968,204.8404052,223.5671353,231.9924373,219.9877005,240.5043282,247.4736946,
Isle of Man,IMN,Carbon dioxide (CO2) emissions (total) excluding LULUCF (% change from 1990),EN.GHG.CO2.ZG.AR5,,,,,,,,,,,,,,,,,,,,,,,,,,,,,,,,,
India,IND,Carbon dioxide (CO2) emissions (total) excluding LULUCF (% change from 1990),EN.GHG.CO2.ZG.AR5,7.608201472,11.48299623,16.49259107,23.83453088,32.59209908,38.75971741,46.1170396,49.93250232,60.08846866,65.75223082,68.44116731,74.7798064,80.09123882,94.24692348,102.5236591,116.1515817,135.3745118,150.315114,173.5307871,190.2829642,208.035795,236.741729,246.8045521,273.3791109,276.2575636,283.454403,305.1663986,328.362544,323.1877551,286.0490641,324.2612254,356.2807637,391.9667354
Not classified,INX,Carbon dioxide (CO2) emissions (total) excluding LULUCF (% change from 1990),EN.GHG.CO2.ZG.AR5,,,,,,,,,,,,,,,,,,,,,,,,,,,,,,,,,
Ireland,IRL,Carbon dioxide (CO2) emissions (total) excluding LULUCF (% change from 1990),EN.GHG.CO2.ZG.AR5,1.655100753,1.322348808,2.04722851,5.814190819,7.572889994,11.65281231,15.5508962,23.03657797,27.4616222,35.52127015,42.39494811,39.09649806,37.46922972,39.10639403,45.5662968,47.46539503,45.18561126,43.13188852,27.31380117,26.55335783,14.86560038,16.26618919,12.35326134,11.76352346,16.41679346,22.22170681,18.41577912,14.94693287,9.533528779,3.603678826,9.417560396,7.4133175,0.452122067
"Iran, Islamic Rep.",IRN,Carbon dioxide (CO2) emissions (total) excluding LULUCF (% change from 1990),EN.GHG.CO2.ZG.AR5,10.43133752,17.29302822,16.71115094,33.13630415,35.92792397,41.10835869,47.40457788,47.28911386,61.10613288,69.7802298,76.60383224,84.35603982,94.55942344,108.6522705,124.9707862,142.7484084,158.3227639,166.2200811,174.8805545,176.5762015,180.9988046,184.1434843,193.8114737,205.2720576,201.8953465,208.0463123,219.5962165,217.2020289,234.2445093,241.7209848,254.2989362,264.8383504,273.5922216
Iraq,IRQ,Carbon dioxide (CO2) emissions (total) excluding LULUCF (% change from 1990),EN.GHG.CO2.ZG.AR5,-21.59098436,9.114708584,44.24671461,58.33494135,57.10416193,44.95750521,74.41470657,35.74559572,6.996016923,27.8881628,44.94008104,36.8754302,19.35910765,30.06344699,25.62014175,22.20399805,12.93866407,30.56644366,39.46443023,60.55097791,66.90590089,91.58542591,107.9518978,99.13584798,98.58345885,119.3192193,138.580694,157.000625,178.8670839,145.4452377,151.7670404,174.2869774,177.7903859
Iceland,ISL,Carbon dioxide (CO2) emissions (total) excluding LULUCF (% change from 1990),EN.GHG.CO2.ZG.AR5,-2.058333689,-1.439125422,2.86971004,7.725156937,4.296024256,15.7449716,12.15356365,15.71934919,17.11150019,21.88153905,26.36119059,33.67211855,32.43797241,35.66212581,33.59525131,38.47632062,48.44343853,61.45108255,63.48379382,59.59345774,53.9309049,55.69458086,58.49169407,47.95234232,55.01131656,35.78169706,42.23427425,41.51684674,35.57244737,29.35047188,37.79732673,38.79233036,31.79314173
Israel,ISR,Carbon dioxide (CO2) emissions (total) excluding LULUCF (% change from 1990),EN.GHG.CO2.ZG.AR5,1.845364161,9.045975119,19.57420351,27.99672945,36.85419352,45.57055821,50.31740264,51.92684409,56.02355252,68.35711487,68.25774911,77.51523135,82.50594775,81.99691114,75.94723962,84.94722258,91.72027686,92.74005349,90.553155,104.5052437,102.1903053,120.4838261,94.06530886,87.42313349,93.26214959,92.09332432,92.84822022,80.49847545,85.8352686,74.67848078,73.43782826,78.44415928,73.90427954
Italy,ITA,Carbon dioxide (CO2) emissions (total) excluding LULUCF (% change from 1990),EN.GHG.CO2.ZG.AR5,-0.2520538,-0.694226706,-2.280069106,-3.578868474,2.083571266,0.901746624,1.706663127,3.870812813,5.470890108,6.63688517,6.485976517,8.196344938,12.83682706,15.53270989,15.73016923,14.42590573,12.73476731,9.141288725,-2.862034783,-0.557341888,-2.699212906,-7.401113793,-15.08324365,-19.47966884,-16.97784492,-18.05036339,-18.87422848,-20.12302983,-22.02755097,-30.61374913,-21.60803195,-21.96233311,-28.35879629
Jamaica,JAM,Carbon dioxide (CO2) emissions (total) excluding LULUCF (% change from 1990),EN.GHG.CO2.ZG.AR5,-1.16216886,7.841705036,9.783870505,10.86777884,14.64645806,19.59121917,22.39164178,28.89509176,32.3215986,33.20463824,34.0420259,33.36768101,37.35375064,37.96157408,38.43635462,60.19799914,59.1819166,28.32900727,4.5391107,-0.079564871,-1.27695097,-8.964743632,-2.838248529,-6.273885766,-7.75300977,-0.99260438,-5.073890983,12.96646536,10.05126065,-23.17163838,-16.0121043,-16.92644815,-10.46082408
Jordan,JOR,Carbon dioxide (CO2) emissions (total) excluding LULUCF (% change from 1990),EN.GHG.CO2.ZG.AR5,0.169791087,18.8368814,23.46294384,29.02533958,37.0809834,40.27921201,45.16939392,47.30816586,47.58022877,63.48895861,63.90896815,70.84855827,75.23929621,88.85932163,101.7286917,103.9975375,111.9260863,103.4831996,109.1399237,104.4175471,108.6504091,143.5995711,139.3071332,156.5870998,154.5148542,150.5600127,163.6210183,150.783422,135.048455,113.6557709,121.5128287,121.778934,134.1230439
Japan,JPN,Carbon dioxide (CO2) emissions (total) excluding LULUCF (% change from 1990),EN.GHG.CO2.ZG.AR5,0.860172792,1.29046916,0.678920046,5.239634745,6.154837273,7.253769357,6.010351007,1.966021088,5.476731403,7.026177134,5.861930984,8.793599239,9.417669525,8.961113834,9.958136778,8.011107419,11.09224984,4.9823808,-0.463789003,4.596221349,9.129211208,12.3819991,13.70270419,9.378606211,5.878780145,5.660940894,4.372957114,1.062191315,-2.341939061,-8.112125251,-7.019235211,-13.44204784,-19.03158978
Kazakhstan,KAZ,Carbon dioxide (CO2) emissions (total) excluding LULUCF (% change from 1990),EN.GHG.CO2.ZG.AR5,4.545207735,6.709456386,-9.051401157,-18.02143535,-27.4732762,-36.44322995,-44.77455559,-43.05474834,-47.85427309,-46.82027312,-47.5231743,-41.46710711,-34.78226594,-29.79410498,-24.5491333,-15.46101042,-11.67569694,4.418632432,-6.94285851,0.508835133,7.924209266,7.50237203,15.1121742,-6.567918892,-17.39169606,-13.23104075,-8.423431594,-7.937079968,-12.74653929,-9.611316886,-1.51327271,-3.38109302,-3.523193607
Kenya,KEN,Carbon dioxide (CO2) emissions (total) excluding LULUCF (% change from 1990),EN.GHG.CO2.ZG.AR5,-3.86037088,-2.636992128,-4.267132716,-2.814853767,3.892849962,14.39751303,10.0081971,20.33809178,23.51330869,37.72832021,27.60876626,23.84892587,11.81001284,24.50778725,39.56416165,55.47427193,55.46963206,64.1260807,93.4964505,109.5751427,116.2921261,100.8800285,121.7532518,153.6167778,174.3647246,197.4202329,208.3780565,195.6153239,200.2536462,197.0830691,232.335246,230.8164623,236.1383918
Kyrgyz Republic,KGZ,Carbon dioxide (CO2) emissions (total) excluding LULUCF (% change from 1990),EN.GHG.CO2.ZG.AR5,-10.12516433,-40.82529833,-56.51543524,-71.5503722,-79.88747469,-74.99418774,-75.32728295,-73.97461206,-79.22847034,-79.71923625,-82.961842,-78.70261953,-76.07547904,-76.28387489,-76.27330715,-76.37010766,-71.50556497,-66.93057839,-70.23616788,-72.07875926,-66.59071983,-55.86615322,-59.05549755,-57.97801064,-56.39454028,-58.82427537,-59.26516154,-51.51055295,-56.77371084,-60.65545359,-55.59435091,-56.41440764,-55.76766187
Cambodia,KHM,Carbon dioxide (CO2) emissions (total) excluding LULUCF (% change from 1990),EN.GHG.CO2.ZG.AR5,10.31690955,20.95766829,22.66944252,26.11612306,247.1894518,285.426787,311.5197779,361.1843627,349.2482073,362.8498728,405.9449456,419.8935924,459.2412676,459.5882489,524.7513301,595.6511682,755.0774925,847.6520935,1027.365256,1093.129771,1140.643072,1202.405737,1216.562572,1525.884802,1869.465649,2349.94217,2640.851261,2753.550775,3567.615082,3739.879713,3780.985427,3914.457553,4056.858663
Kiribati,KIR,Carbon dioxide (CO2) emissions (total) excluding LULUCF (% change from 1990),EN.GHG.CO2.ZG.AR5,4.761904762,14.28571429,15.47619048,19.04761905,7.738095238,8.928571429,12.5,15.47619048,15.47619048,95.83333333,75.5952381,160.1190476,166.0714286,176.1904762,266.6666667,294.047619,266.6666667,308.3333333,245.2380952,263.6904762,239.2857143,232.1428571,257.7380952,261.3095238,270.8333333,303.5714286,369.6428571,379.7619048,398.8095238,406.547619,431.547619,460.7142857,479.7619048
St. Kitts and Nevis,KNA,Carbon dioxide (CO2) emissions (total) excluding LULUCF (% change from 1990),EN.GHG.CO2.ZG.AR5,33.81642512,34.29951691,62.31884058,92.75362319,62.31884058,87.92270531,92.75362319,97.58454106,100,139.1304348,143.9613527,177.7777778,189.3719807,214.9758454,193.236715,233.8164251,269.0821256,287.9227053,336.7149758,376.3285024,275.3623188,285.0241546,339.1304348,369.5652174,391.7874396,438.1642512,401.9323671,425.1207729,503.3816425,389.8550725,442.0289855,444.4444444,473.9130435
"Korea, Rep.",KOR,Carbon dioxide (CO2) emissions (total) excluding LULUCF (% change from 1990),EN.GHG.CO2.ZG.AR5,9.918467226,17.20092737,27.30456774,37.19319559,48.73449097,58.60992629,67.39170458,43.1062785,55.9530831,74.24351499,77.30631327,80.53223589,82.08513261,89.51032196,89.39746887,91.79082895,95.86379283,99.65798642,102.6163837,119.7999292,131.1099327,132.3013762,131.0989083,129.132266,136.1759009,142.4947184,145.4256281,146.4183384,139.2741977,125.7068017,131.9060045,116.0111743,110.7628626
Kuwait,KWT,Carbon dioxide (CO2) emissions (total) excluding LULUCF (% change from 1990),EN.GHG.CO2.ZG.AR5,18.79127118,-16.8009973,5.767782866,25.68996161,24.39026648,22.33519298,28.82225157,42.9498019,53.94259371,68.10038386,77.44387119,85.39447537,94.9379158,107.4491786,132.7503425,140.9002826,135.4737778,152.1868327,157.7151656,166.9074538,177.3244548,180.0947926,187.5057085,181.6410348,192.1718979,200.0385712,196.8448759,202.3938829,204.934645,204.2814031,227.5284193,237.5668053,244.4670386
Latin America & Caribbean (excluding high income),LAC,Carbon dioxide (CO2) emissions (total) excluding LULUCF (% change from 1990),EN.GHG.CO2.ZG.AR5,3.032294096,4.725536483,8.183863345,13.64055639,15.65914835,22.65407736,29.93859886,35.64967252,34.75500745,40.40559556,39.99895882,39.93182238,43.2872393,49.64336686,53.54413804,58.46062719,64.26766484,68.04407554,62.3884606,74.45524367,81.43257182,89.41359216,93.60847082,95.88801668,95.53682649,92.54018294,92.08503174,86.93838091,87.17228535,71.14853355,87.0717226,90.45768736,
Lao PDR,LAO,Carbon dioxide (CO2) emissions (total) excluding LULUCF (% change from 1990),EN.GHG.CO2.ZG.AR5,22.2826087,34.86024845,42.11956522,56.75465839,53.92080745,80.59006211,99.61180124,114.0139752,107.5698758,262.7717391,299.4953416,348.136646,365.8385093,388.3540373,405.6677019,563.2763975,601.0869565,718.9052795,925.1164596,1049.611801,1113.586957,1194.914596,1431.13354,1603.14441,3365.60559,6061.063665,7370.535714,7610.442547,7419.371118,7445.729814,9145.574534,9430.628882,10001.24224
Lebanon,LBN,Carbon dioxide (CO2) emissions (total) excluding LULUCF (% change from 1990),EN.GHG.CO2.ZG.AR5,24.04238934,33.24683587,90.89097971,109.7066899,143.1192661,152.4609924,177.2349829,175.289627,183.677091,156.2529298,176.5084042,175.6278042,175.7098373,179.3862586,177.4693632,170.0746668,150.2193129,206.5392085,260.9070515,245.8313802,251.2388669,292.3340923,286.7709101,317.9920311,350.4017947,366.4802786,390.4356124,360.252461,352.0575236,265.2765687,182.2456974,182.4482689,190.164401
Liberia,LBR,Carbon dioxide (CO2) emissions (total) excluding LULUCF (% change from 1990),EN.GHG.CO2.ZG.AR5,-31.51854817,-38.45743261,-34.05390979,-34.24072591,-32.39925274,-26.52788898,-27.30184147,-22.79156659,-19.90926074,7.392580731,22.09767814,23.5922071,33.49346144,45.42300507,81.98558847,93.08780358,78.30264211,50.25353616,39.8452095,112.9703763,138.4307446,164.2914331,145.1294369,216.3330665,226.501201,266.3997865,222.2311182,267.147051,287.6434481,312.7568722,331.6253002,348.3586869,336.8561516
Libya,LBY,Carbon dioxide (CO2) emissions (total) excluding LULUCF (% change from 1990),EN.GHG.CO2.ZG.AR5,0.674955269,4.975305767,11.79747053,30.13829996,47.49381112,55.08713449,43.61044388,42.20722322,46.30597564,50.99604157,49.35415084,52.86986201,64.79294836,63.07630089,76.84992279,76.08979387,64.65997941,75.06893551,84.63718473,95.06483002,35.52783156,92.57273463,91.8172014,89.33919949,67.56139856,57.2547734,70.08934043,75.86000882,77.14435403,40.37323219,71.58508787,74.77940636,87.68413442
St. Lucia,LCA,Carbon dioxide (CO2) emissions (total) excluding LULUCF (% change from 1990),EN.GHG.CO2.ZG.AR5,0.423728814,1.129943503,-1.412429379,18.92655367,16.94915254,15.96045198,19.06779661,21.89265537,23.58757062,36.29943503,46.04519774,37.28813559,59.88700565,54.80225989,62.57062147,80.50847458,95.19774011,111.0169492,127.4011299,157.0621469,99.01129944,105.6497175,135.1694915,150.7062147,157.2033898,176.9774011,176.8361582,164.2655367,340.6779661,257.6271186,295.480226,297.1751412,318.9265537
Latin America & Caribbean,LCN,Carbon dioxide (CO2) emissions (total) excluding LULUCF (% change from 1990),EN.GHG.CO2.ZG.AR5,2.339894593,4.298700656,8.019787981,13.07843736,16.16876019,23.60588006,30.9614202,36.38093585,35.7474838,40.46284663,40.75440249,40.8279635,44.24162127,50.94533236,55.56940533,59.10100476,64.52954748,68.70722267,63.77295111,75.47725282,81.45680063,90.31645225,93.9032931,94.91153387,93.48039364,89.71672272,88.28337975,83.24014823,81.9435526,63.62840569,79.20902487,82.38123207,
Least developed countries: UN classification,LDC,Carbon dioxide (CO2) emissions (total) excluding LULUCF (% change from 1990),EN.GHG.CO2.ZG.AR5,0.952286568,3.125026453,2.619544863,10.47473124,25.23174505,34.35704726,42.95834153,47.34743608,56.43747682,60.86658088,72.72293021,78.58738214,94.55115747,103.6140507,114.1581353,126.9056297,142.7391576,159.0590286,178.8832919,200.0827071,217.7434024,237.2985424,264.9566048,291.1089897,309.9421346,348.3454715,384.9365225,412.1369099,424.3697048,399.7988706,431.4131454,442.9374346,
Low income,LIC,Carbon dioxide (CO2) emissions (total) excluding LULUCF (% change from 1990),EN.GHG.CO2.ZG.AR5,-0.964413213,-9.524547,-13.99964518,-15.16796781,-16.71495674,-19.41281751,-19.43136099,-24.57010395,-20.82231391,-16.41997233,-13.3496615,-14.1625434,-10.59084065,-7.427719842,2.037619458,6.749972118,4.841237453,11.67835756,4.281447881,4.056870695,-2.871202853,-7.746762711,-16.51788391,-14.22953392,-22.33119601,-19.3839804,-3.651892561,-2.002960768,1.718893492,-4.096270636,1.86647181,4.03344734,
Liechtenstein,LIE,Carbon dioxide (CO2) emissions (total) excluding LULUCF (% change from 1990),EN.GHG.CO2.ZG.AR5,,,,,,,,,,,,,,,,,,,,,,,,,,,,,,,,,
Sri Lanka,LKA,Carbon dioxide (CO2) emissions (total) excluding LULUCF (% change from 1990),EN.GHG.CO2.ZG.AR5,4.401387676,30.03799589,27.30512355,46.8199089,47.29898756,107.8870979,107.3490194,114.1222005,136.6152975,170.5685224,168.3855285,180.7660539,203.4314304,213.3316027,240.5022066,211.3421282,233.2877068,213.9546409,201.5103958,218.9955868,275.3923489,322.2712576,250.1191797,321.9455786,365.1145777,454.2184882,452.4248932,418.7241876,465.723456,422.9603757,436.2636585,371.5313997,384.2234442
Lower middle income,LMC,Carbon dioxide (CO2) emissions (total) excluding LULUCF (% change from 1990),EN.GHG.CO2.ZG.AR5,4.794225223,7.980541781,11.52275397,14.89812701,22.38293196,29.23446981,35.6241908,39.67218991,47.02308026,51.88184832,56.29565149,60.76263567,65.24385944,76.74830899,83.78334743,92.58768356,105.9902309,116.0032458,128.9864537,142.6186101,154.9651308,171.9480118,179.9856111,198.4659128,205.6056138,217.6174879,235.9035436,253.6090703,254.6847102,231.8432669,257.7572722,271.9957541,
Low & middle income,LMY,Carbon dioxide (CO2) emissions (total) excluding LULUCF (% change from 1990),EN.GHG.CO2.ZG.AR5,2.62053037,3.675283181,6.429224527,8.875208054,15.6174649,16.81374372,20.79530672,22.49094251,23.0117866,28.7888101,32.70524248,38.90485428,51.36306317,65.84230379,79.42960908,93.08771253,106.2564795,113.1680731,120.8945776,137.6184735,153.7696521,163.2893912,172.376702,177.837172,175.7257261,178.3163552,186.7918467,198.4767619,202.9081339,198.0171484,215.7197204,219.089252,
Lesotho,LSO,Carbon dioxide (CO2) emissions (total) excluding LULUCF (% change from 1990),EN.GHG.CO2.ZG.AR5,24.56301748,5.97976081,2.483900644,11.68353266,14.6274149,18.85924563,18.95124195,16.46734131,19.87120515,225.3909844,233.7626495,252.5298988,257.6816927,274.2410304,275.7129715,285.0045998,391.9043238,303.4038638,372.5850966,382.7966881,405.3357866,437.7184913,441.674333,452.7138914,444.25023,499.0800368,547.9300828,534.6826127,579.6688132,613.799448,626.2189512,683.624655,708.0036799
Late-demographic dividend,LTE,Carbon dioxide (CO2) emissions (total) excluding LULUCF (% change from 1990),EN.GHG.CO2.ZG.AR5,1.46109252,-0.710220661,-0.668651207,-1.384831201,3.267062683,3.129778225,3.17070852,3.857475649,3.532798144,7.900279793,11.42574009,16.35877176,27.9160444,40.14874382,52.23873081,64.08118465,74.1716121,79.14985889,83.89369674,99.10974562,113.9935724,119.5667675,127.2694898,129.0304603,127.1028083,127.3188155,132.1548252,141.6361115,147.4211568,148.067688,162.9460507,161.6276526,
Lithuania,LTU,Carbon dioxide (CO2) emissions (total) excluding LULUCF (% change from 1990),EN.GHG.CO2.ZG.AR5,5.279057451,-40.52838978,-53.82554425,-55.20246684,-56.96063414,-55.59339214,-57.10441948,-54.66092285,-62.04380186,-66.81291961,-64.72134116,-64.49555547,-64.43377048,-62.80173567,-60.26171779,-59.58977046,-55.68165641,-54.93311846,-62.39543531,-60.02767512,-59.2332967,-58.74841267,-61.9569612,-62.39173391,-61.11361035,-61.51535514,-60.25004413,-60.09344624,-59.30191505,-59.42349196,-59.20197712,-62.55858185,-62.65965867
Luxembourg,LUX,Carbon dioxide (CO2) emissions (total) excluding LULUCF (% change from 1990),EN.GHG.CO2.ZG.AR5,4.011387164,1.622086422,3.479596607,-4.226774861,-24.21107994,-23.6308689,-28.63487611,-34.83102919,-31.82645428,-26.52858479,-22.07556936,-16.24841381,-12.72540573,-0.81980899,1.132872504,-0.303880318,-5.317070727,-6.394009217,-11.42640085,-6.387330528,-7.417518199,-9.273358712,-13.81653643,-18.02077072,-22.2826087,-24.51996928,-23.29359514,-20.95104521,-19.70046083,-33.66476324,-30.49823015,-39.36585855,-41.49886462
Latvia,LVA,Carbon dioxide (CO2) emissions (total) excluding LULUCF (% change from 1990),EN.GHG.CO2.ZG.AR5,-8.297864749,-27.08695453,-38.57724675,-46.54786602,-52.92864315,-52.85116447,-55.07357926,-57.09720006,-59.90733142,-63.14767335,-60.91812237,-60.93239475,-59.65858408,-59.44194961,-59.0744356,-56.4788998,-54.57251648,-56.78932425,-60.49249935,-54.74327541,-58.04019716,-59.09125663,-60.3558922,-61.40440303,-61.02567501,-61.87997941,-62.12566838,-58.68194492,-59.96391125,-63.18335432,-62.14197968,-66.0628087,-66.60719838
"Macao SAR, China",MAC,Carbon dioxide (CO2) emissions (total) excluding LULUCF (% change from 1990),EN.GHG.CO2.ZG.AR5,1.967178624,15.55859457,28.67662529,40.76372817,27.75089417,48.29581317,57.532085,73.62718283,83.42099726,55.49126867,66.2949716,82.4005891,84.69387755,113.9911635,115.3271618,113.9490848,102.7456343,68.04123711,78.16116137,80.9488744,77.65621713,83.34735956,90.94256259,119.7559436,190.2167052,176.2150221,235.8405218,163.5703766,184.6623185,201.9671786,194.9400379,207.2059752,216.8945929
St. Martin (French part),MAF,Carbon dioxide (CO2) emissions (total) excluding LULUCF (% change from 1990),EN.GHG.CO2.ZG.AR5,,,,,,,,,,,,,,,,,,,,,,,,,,,,,,,,,
Morocco,MAR,Carbon dioxide (CO2) emissions (total) excluding LULUCF (% change from 1990),EN.GHG.CO2.ZG.AR5,4.828394039,12.30503372,15.67168168,25.23493938,30.32833614,28.76593357,35.63061739,38.93713868,46.26546591,49.45485155,64.70876424,70.40966302,69.64271398,90.67903049,98.83666034,102.0567774,104.8974284,120.2707036,117.9707473,131.7179302,150.5874598,160.7029921,160.4477878,164.7688909,172.2664636,171.6656423,184.361722,190.3124805,220.0248524,200.9290683,225.6923474,213.0902434,211.1354587
Monaco,MCO,Carbon dioxide (CO2) emissions (total) excluding LULUCF (% change from 1990),EN.GHG.CO2.ZG.AR5,,,,,,,,,,,,,,,,,,,,,,,,,,,,,,,,,
Moldova,MDA,Carbon dioxide (CO2) emissions (total) excluding LULUCF (% change from 1990),EN.GHG.CO2.ZG.AR5,-19.37650468,-35.86088115,-45.43017343,-55.73899816,-61.46951039,-66.80998447,-69.73165626,-72.3877501,-76.58639612,-78.33732486,-77.43813134,-77.03646432,-75.27202097,-75.20696223,-73.8243854,-74.51300232,-74.78486614,-75.09444518,-75.46814007,-73.2784577,-73.18416967,-73.75555514,-76.45470717,-74.73677925,-73.92558789,-73.53617832,-73.90610169,-72.15737301,-71.37918246,-72.20137409,-69.68011214,-70.27695538,-68.796319
Madagascar,MDG,Carbon dioxide (CO2) emissions (total) excluding LULUCF (% change from 1990),EN.GHG.CO2.ZG.AR5,6.906807667,8.283762943,12.24939414,38.27935669,55.82727473,49.69156202,64.23220974,83.34434898,88.09209077,86.61599471,88.40052875,28.44238819,70.67636043,84.61114783,96.95968275,88.84115444,98.64507601,105.9814937,95.6157744,116.7988544,152.709848,213.97885,235.866931,245.1421018,276.5036352,258.0854814,291.286627,271.9431593,340.6587354,242.3992069,349.6695307,339.5131086,351.5421899
Maldives,MDV,Carbon dioxide (CO2) emissions (total) excluding LULUCF (% change from 1990),EN.GHG.CO2.ZG.AR5,3.781512605,13.86554622,34.55882353,189.2857143,255.7773109,262.289916,222.5840336,265.2310924,265.1260504,567.8571429,490.5462185,615.3361345,506.512605,676.0504202,619.2226891,778.5714286,822.0588235,903.9915966,933.7184874,1006.722689,1101.890756,1414.810924,1602.941176,2203.466387,1568.382353,1721.113445,1827.731092,2137.184874,2495.378151,2538.760504,2667.016807,2821.008403,2921.323529
Middle East & North Africa,MEA,Carbon dioxide (CO2) emissions (total) excluding LULUCF (% change from 1990),EN.GHG.CO2.ZG.AR5,4.764994209,11.35252657,17.59909061,26.8213877,30.80768126,34.97338601,41.11255529,42.1699692,47.36809089,53.9921265,62.17346735,68.17165736,74.25093794,84.04714102,96.90034268,108.3215497,117.7720002,130.1277722,138.2635446,149.1863618,154.9806483,169.01469,173.8997457,183.2491272,187.2775191,190.8467966,197.2272925,197.1513717,196.4948657,187.2276427,203.8586465,211.2411343,
Mexico,MEX,Carbon dioxide (CO2) emissions (total) excluding LULUCF (% change from 1990),EN.GHG.CO2.ZG.AR5,6.148593248,7.427970717,10.59199431,19.50334275,12.62975283,18.03115069,24.5262233,32.56319123,28.79707516,36.96008893,36.28560036,38.41653821,45.23823909,48.60281057,54.42052914,60.15929213,62.55188473,63.04339796,59.34263516,64.65133701,67.96412302,74.76762993,70.55118735,65.99523919,69.2696349,71.35293011,72.81058771,64.35225862,67.53109286,47.69739329,56.35022863,60.86101986,68.16259949
Marshall Islands,MHL,Carbon dioxide (CO2) emissions (total) excluding LULUCF (% change from 1990),EN.GHG.CO2.ZG.AR5,,,,,,,,,,,,,,,,,,,,,,,,,,,,,,,,,
Middle income,MIC,Carbon dioxide (CO2) emissions (total) excluding LULUCF (% change from 1990),EN.GHG.CO2.ZG.AR5,2.721260792,4.046174502,7.003238765,9.550777749,16.52594738,17.83164448,21.92560322,23.81327268,24.24344543,30.059095,33.99930187,40.39595204,53.10385566,67.90105874,81.60418381,95.51364666,109.1060641,116.0197503,124.1711953,141.3713127,158.1709764,168.0951974,177.6842977,183.2338985,181.2907669,183.8713766,192.1429708,204.109879,208.5611872,203.6961694,221.7286093,225.1319306,
North Macedonia,MKD,Carbon dioxide (CO2) emissions (total) excluding LULUCF (% change from 1990),EN.GHG.CO2.ZG.AR5,-11.54255177,-21.3210127,-19.20481863,-21.61860249,-22.10475518,-8.19042172,-17.3245516,-9.140385526,-16.29683911,-19.23788416,-17.59354418,-22.34246955,-15.62212352,-17.77495777,-13.64623455,-13.78832697,-7.406679238,-9.362907622,-18.48631355,-18.0064165,-8.454945978,-14.02782867,-21.38803743,-25.36662526,-29.06549656,-31.85998088,-28.63743197,-32.54631409,-22.39966398,-32.20672213,-31.6008186,-25.07529111,-21.68205257
Mali,MLI,Carbon dioxide (CO2) emissions (total) excluding LULUCF (% change from 1990),EN.GHG.CO2.ZG.AR5,24.51349655,13.71625863,10.92278719,10.7658506,13.74764595,24.13684871,24.16823603,28.46829881,32.20338983,151.8518519,159.9497803,172.5047081,179.2843691,186.7859385,196.861268,259.5731325,323.571877,392.3101067,531.7953547,526.616447,585.9698682,622.787194,770.4645323,815.9761456,999.905838,1325.047081,1490.364093,1603.483992,1860.232266,1933.49027,1971.123666,2048.493409,1990.615191
Malta,MLT,Carbon dioxide (CO2) emissions (total) excluding LULUCF (% change from 1990),EN.GHG.CO2.ZG.AR5,-4.474976311,-6.292531656,21.15169265,8.325437161,2.752175037,0.400551296,6.67585494,2.666034973,4.126109053,-8.05409596,7.451115514,0.099061073,12.55922129,12.27065208,13.47661297,14.56197778,17.31845982,17.68886209,8.467568266,11.77534671,11.2197433,17.36152985,2.618657938,2.045826514,-27.98259971,-41.19648549,-32.89258334,-32.49633905,-27.94814368,-30.21362736,-29.91213713,-24.21827892,-27.44422431
Myanmar,MMR,Carbon dioxide (CO2) emissions (total) excluding LULUCF (% change from 1990),EN.GHG.CO2.ZG.AR5,-3.185633066,2.641909575,14.77303492,37.6207021,66.94792889,75.55726018,74.76987636,90.07986644,108.5619529,126.5454381,97.95144843,99.52170382,147.2136991,139.8249255,153.6007581,135.8022742,146.2932046,88.48930602,75.62268748,94.6755708,106.9488313,183.307012,220.8284451,300.2188431,345.2463677,418.1684866,661.0978251,655.8410793,675.4715278,683.0092049,618.0353759,630.8117498,652.829167
Middle East & North Africa (excluding high income),MNA,Carbon dioxide (CO2) emissions (total) excluding LULUCF (% change from 1990),EN.GHG.CO2.ZG.AR5,3.722400926,13.60793096,19.13154533,28.04874064,32.81112954,35.52184371,42.53518779,39.65191154,44.87745097,51.7383532,59.3846118,63.29358894,67.8772046,78.13804172,91.76612984,101.6775588,109.5102751,116.8647361,124.7610303,129.7831279,130.66441,142.8129702,146.6528304,152.9376664,151.0765065,155.1381498,167.6412325,174.5802723,170.3233114,158.4288141,176.2198996,182.7691997,
Montenegro,MNE,Carbon dioxide (CO2) emissions (total) excluding LULUCF (% change from 1990),EN.GHG.CO2.ZG.AR5,,,,,,,,,,,,,,,,,,,,,,,,,,,,,,,,,
Mongolia,MNG,Carbon dioxide (CO2) emissions (total) excluding LULUCF (% change from 1990),EN.GHG.CO2.ZG.AR5,13.00902052,-1.448911605,-9.207624089,-20.85215778,-21.32676189,-33.50446463,-34.82331645,-34.61871948,-34.18062337,-31.22879873,-31.45469204,-26.54284367,-28.79188914,-27.15891632,-15.3546601,-3.275072636,0.4753647,0.441899025,5.937875538,13.36877653,23.48757967,34.30992257,45.86394682,48.53131322,37.08453125,45.37717337,60.26939868,74.57445352,92.66341137,71.21039261,88.99359589,96.91887616,113.8540288
Northern Mariana Islands,MNP,Carbon dioxide (CO2) emissions (total) excluding LULUCF (% change from 1990),EN.GHG.CO2.ZG.AR5,,,,,,,,,,,,,,,,,,,,,,,,,,,,,,,,,
Mozambique,MOZ,Carbon dioxide (CO2) emissions (total) excluding LULUCF (% change from 1990),EN.GHG.CO2.ZG.AR5,-16.14013945,-0.034432297,16.29508479,-1.428940346,8.237927176,4.441766377,15.46870965,11.58646811,11.02694327,35.21563226,63.24352242,71.05104588,117.3883102,139.3130757,129.4482224,143.3330464,179.2115004,171.068262,192.8983386,210.4415942,265.7829044,304.7000086,340.4665576,398.4333305,455.8836188,617.1645003,615.4601016,593.3115262,642.6530085,586.915727,699.5609882,763.2349143,738.4350521
Mauritania,MRT,Carbon dioxide (CO2) emissions (total) excluding LULUCF (% change from 1990),EN.GHG.CO2.ZG.AR5,26.31355332,223.0703866,220.0821413,232.7149129,246.0557995,243.294151,239.7110891,245.7583912,252.2163999,51.06925365,64.79252231,83.07605155,91.54510693,110.4517774,118.085257,141.3680782,165.9255063,199.0369636,197.7906812,199.6034556,223.4952556,262.229146,231.5960912,280.8808951,287.5796629,268.5880187,429.3584478,456.7624982,511.7122221,538.5497805,550.2620025,576.9012888,558.5894349
Mauritius,MUS,Carbon dioxide (CO2) emissions (total) excluding LULUCF (% change from 1990),EN.GHG.CO2.ZG.AR5,7.115757525,13.16921002,24.77868645,28.52204704,31.64151421,37.90574151,38.48747998,51.90118877,86.19003457,105.9354186,117.7556698,122.2746817,132.7375432,134.7272574,151.1002445,180.0185482,187.7834921,193.9802715,189.7900683,209.8136751,208.2033555,215.5551808,225.284546,236.3881629,237.366158,243.6303853,255.4084816,252.5840991,255.1471208,216.5584689,236.7254026,241.3793103,255.2482927
Malawi,MWI,Carbon dioxide (CO2) emissions (total) excluding LULUCF (% change from 1990),EN.GHG.CO2.ZG.AR5,14.86882364,25.59729184,27.38102988,32.70620402,35.77892064,45.12076037,63.73282989,73.634529,78.178504,102.0506477,105.8785235,103.5609661,105.1819543,104.8369247,132.3221144,146.9370484,165.444958,179.063863,170.7571122,192.2140486,274.1032485,270.6464423,227.6218996,223.650804,218.9701191,218.6315995,250.4524445,259.5338845,263.5896101,241.7290541,305.3837641,287.2013541,319.7448083
Malaysia,MYS,Carbon dioxide (CO2) emissions (total) excluding LULUCF (% change from 1990),EN.GHG.CO2.ZG.AR5,16.89026936,23.06980657,23.40183446,35.92265411,41.159971,60.55030634,75.8052724,71.78414928,85.79684364,103.0036183,114.8442387,127.4917226,143.0462743,163.3013724,181.1940896,191.4686374,218.1202782,235.5642378,207.3176524,234.6272952,238.9023677,241.3079011,268.2664233,290.3378178,292.6103228,284.2897568,269.2269602,294.834087,296.1471416,293.3318121,301.9018259,325.850055,339.7910351
North America,NAC,Carbon dioxide (CO2) emissions (total) excluding LULUCF (% change from 1990),EN.GHG.CO2.ZG.AR5,-0.932138776,0.738974319,2.912867864,4.74790533,5.958107377,9.072609433,14.39716008,15.3823997,15.87170257,19.30925194,18.20699164,15.78858965,17.36931524,18.8412474,19.17945125,17.23768392,19.35849935,15.59252047,7.305759339,12.18427863,8.471107539,4.373415225,7.0680597,7.535666543,5.433970498,3.48018173,2.401335923,5.531138887,2.518268046,-7.607203412,-1.72392588,0.211723071,
Namibia,NAM,Carbon dioxide (CO2) emissions (total) excluding LULUCF (% change from 1990),EN.GHG.CO2.ZG.AR5,-9.42941979,-1.460556938,14.28456785,31.9797769,43.03827943,56.79319477,62.20207046,67.40229516,59.28898162,56.36786775,97.88138994,71.55926491,84.1264746,95.16090201,108.000963,105.1039242,111.0745526,141.6499478,147.3075997,155.5252387,170.6524356,184.9209534,204.2612952,215.8494503,231.795201,241.7301982,235.8719204,238.2072065,239.9727149,211.1387529,217.3180323,241.4493219,250.2608137
New Caledonia,NCL,Carbon dioxide (CO2) emissions (total) excluding LULUCF (% change from 1990),EN.GHG.CO2.ZG.AR5,8.875253036,10.19104251,13.49316802,18.72469636,8.622216599,21.84337045,12.85425101,11.77884615,6.465080972,37.59488866,38.37297571,53.65005061,65.95394737,47.87449393,64.701417,65.7957996,72.31148785,66.82059717,68.18066802,117.7821356,120.8944838,121.5713563,144.2117915,198.1971154,184.6533401,204.1940789,196.1854757,289.8785425,293.7120445,308.3375506,254.7381073,272.0774291,292.7505061
Niger,NER,Carbon dioxide (CO2) emissions (total) excluding LULUCF (% change from 1990),EN.GHG.CO2.ZG.AR5,-4.59585409,-9.513096577,9.882693235,-7.906154588,-11.28073277,2.876426161,3.808452515,11.97171782,9.754137876,12.72698056,13.51438213,17.86919492,28.04113771,33.82612888,28.36252611,28.82853929,39.88430018,46.26385987,82.25936044,131.688896,136.8311104,230.3069259,227.3501527,253.8486261,248.6582034,248.4332316,218.5119717,237.7792062,281.3273341,287.2087418,359.3925759,366.8166479,353.6236542
Nigeria,NGA,Carbon dioxide (CO2) emissions (total) excluding LULUCF (% change from 1990),EN.GHG.CO2.ZG.AR5,8.303187573,18.63573847,15.36907864,7.707772746,18.29835449,37.97353919,34.22277195,21.61441032,19.79847498,33.54840342,42.08618869,28.92155623,43.37740805,38.48174545,37.20663637,23.59451079,12.56482393,22.4060777,8.192679007,26.13500951,39.02962828,36.87031753,55.36306058,64.17831556,56.59090395,60.68438088,58.46409071,66.29861545,72.7650974,62.60430078,74.39276875,73.22763566,70.3452261
Nicaragua,NIC,Carbon dioxide (CO2) emissions (total) excluding LULUCF (% change from 1990),EN.GHG.CO2.ZG.AR5,0.549898167,16.73625255,14.53156823,30.28004073,38.40631365,46.76171079,57.07739308,82.63238289,84.23625255,91.74643585,103.1364562,110.1120163,130.1832994,136.1354379,124.0274949,137.2148676,145.7739308,136.0947047,130.9114053,137.1537678,148.2739308,146.5478615,135.8197556,149.5723014,179.4551935,190.9317719,188.8900204,163.3706721,170.6364562,140.7790224,163.5794297,175.1578411,191.51222
Netherlands,NLD,Carbon dioxide (CO2) emissions (total) excluding LULUCF (% change from 1990),EN.GHG.CO2.ZG.AR5,3.71144488,2.558908141,4.541183992,5.20637031,7.771161835,13.97606979,9.272334569,9.730874604,6.877857914,7.304797505,10.0989197,10.33079782,11.81183361,13.30421159,10.51069593,7.808221089,8.517927035,9.171043318,6.010513668,12.92063921,5.616084323,4.107633175,2.748389499,-1.869763712,2.757608823,3.615551786,1.953344158,-1.122210017,-4.252230985,-13.93876792,-11.25509565,-19.34869119,-25.47383987
Norway,NOR,Carbon dioxide (CO2) emissions (total) excluding LULUCF (% change from 1990),EN.GHG.CO2.ZG.AR5,-6.86531815,0.134392686,6.033074921,11.48424053,11.94139598,12.75408617,19.25505694,24.20941024,28.66061716,15.02994919,16.44492792,14.51854096,22.39923991,23.62474698,19.28039326,21.20540325,23.66605621,29.72281509,24.27109869,32.14684053,29.26593503,27.75319114,29.09739339,29.40748799,32.06229431,30.45646696,30.55891384,29.30807045,25.975242,22.59504565,24.20665629,22.7046528,21.35329028
Nepal,NPL,Carbon dioxide (CO2) emissions (total) excluding LULUCF (% change from 1990),EN.GHG.CO2.ZG.AR5,23.18294588,29.65175044,43.16824405,74.2809887,89.42387209,101.0750712,122.126252,135.6427456,206.5423137,214.1872645,235.8357071,174.2074796,211.3112193,168.9240099,200.9923734,149.2235597,156.5009648,183.4696315,273.4080676,339.6398052,392.5480107,471.9654507,478.4985758,575.5306441,572.7464853,889.0011945,1112.808968,1268.069466,1136.818892,1412.027933,1424.496922,1482.458881,1547.872829
Nauru,NRU,Carbon dioxide (CO2) emissions (total) excluding LULUCF (% change from 1990),EN.GHG.CO2.ZG.AR5,,,,,,,,,,,,,,,,,,,,,,,,,,,,,,,,,
New Zealand,NZL,Carbon dioxide (CO2) emissions (total) excluding LULUCF (% change from 1990),EN.GHG.CO2.ZG.AR5,2.706993569,9.285771704,9.360530547,11.7403537,15.43890675,19.42041801,25.57234727,22.00200965,28.30546624,32.20016077,39.92483923,40.31752412,44.03094855,42.41519293,45.12299035,45.57998392,40.7142283,45.13705788,34.00482315,34.11736334,31.17684887,39.51969453,38.72106109,41.5522508,41.94895498,39.35409968,45.49236334,44.05466238,49.93006431,41.71221865,41.75884244,39.07114148,43.87098071
OECD members,OED,Carbon dioxide (CO2) emissions (total) excluding LULUCF (% change from 1990),EN.GHG.CO2.ZG.AR5,0.147227318,0.143612647,0.882358556,2.638106891,4.0006766,7.152154369,9.466911558,9.467501049,9.89252379,12.62510097,12.46482919,11.73245646,13.69170275,14.85464716,15.15591931,14.66322347,16.05521302,13.11922201,6.344824911,10.88162819,8.955815641,7.514275212,7.957283336,6.067888707,5.596532308,5.067415967,4.921785102,5.196719961,2.001622679,-6.676167652,-1.428726791,-0.188866052,
Oman,OMN,Carbon dioxide (CO2) emissions (total) excluding LULUCF (% change from 1990),EN.GHG.CO2.ZG.AR5,21.35588056,25.19256551,26.14808044,18.95003047,22.79890311,27.71724558,33.99939062,34.96709324,53.68068251,60.37294333,73.56429007,85.57160268,96.11517367,93.64655698,101.3558806,156.825716,177.6983547,172.5655088,187.0426569,213.7897623,264.0511883,310.9469835,330.4210847,357.2078001,383.3881779,397.9012797,401.8366849,420.0255941,426.2047532,400.8982328,436.7123705,454.3595369,467.3016453
Other small states,OSS,Carbon dioxide (CO2) emissions (total) excluding LULUCF (% change from 1990),EN.GHG.CO2.ZG.AR5,-3.700450445,-14.94554226,-18.32136995,-15.11211889,-17.54743566,-14.00200801,-11.42888693,-13.45124528,-14.22151613,-11.67206113,-9.508039976,-9.14582815,-1.748243787,-0.867538024,4.381444699,12.38016313,18.47448434,20.41872891,15.09957676,22.66589199,22.85750421,23.46547602,29.11962858,30.72865038,25.25374219,26.32140242,30.53124141,33.59839039,26.65778746,22.96690876,27.07457284,26.883502,
Pakistan,PAK,Carbon dioxide (CO2) emissions (total) excluding LULUCF (% change from 1990),EN.GHG.CO2.ZG.AR5,3.787736791,14.12720981,26.90137347,30.39363143,39.97741621,46.52138069,50.9969934,52.44573872,66.95224032,70.46979457,73.64219175,72.66828502,79.00652674,100.252658,104.0336898,121.3905944,146.7687052,138.2539167,143.889501,137.1559668,136.5200549,139.3707627,144.9923273,157.7984923,171.6375378,199.8497462,224.9908949,208.2534443,203.2083606,239.0187482,260.7671478,233.2406819,205.5517713
Panama,PAN,Carbon dioxide (CO2) emissions (total) excluding LULUCF (% change from 1990),EN.GHG.CO2.ZG.AR5,15.38150246,37.69038334,40.72180119,49.72040321,61.1250092,62.23971746,70.57243764,110.3340446,84.10345081,90.90206754,128.1840924,98.95886984,101.552498,102.560518,161.1654772,175.4874549,175.0165551,166.9229637,219.0751232,237.6351998,267.7249651,284.2984328,277.4409536,296.1886543,291.0161136,292.2338312,273.2506806,265.1055846,382.0579795,252.6929586,299.9705688,341.3987197,441.5532338
Peru,PER,Carbon dioxide (CO2) emissions (total) excluding LULUCF (% change from 1990),EN.GHG.CO2.ZG.AR5,-2.906547168,1.286787637,6.567318857,9.322733248,24.20139522,36.48393195,36.11065798,30.84931822,40.63792425,39.0618253,29.23675549,34.81427461,32.1812058,52.65369963,52.74389951,51.0627273,64.90696938,87.06399394,101.3640333,119.9408903,135.924021,135.6399873,141.4079817,155.4546938,163.3658948,175.8350686,164.8714652,165.5009452,179.0414823,127.9849923,155.5760798,173.5325727,180.2116818
Philippines,PHL,Carbon dioxide (CO2) emissions (total) excluding LULUCF (% change from 1990),EN.GHG.CO2.ZG.AR5,0.600092069,9.50376731,18.08755003,27.35973582,53.59421093,61.06917382,80.4846771,77.49196746,73.75025836,74.38135323,68.33745138,71.27003438,75.57942354,77.72073054,85.22787058,66.64521523,80.70803818,82.58793521,84.66300896,99.51076643,98.61567802,110.1576445,128.9094061,144.2386464,165.7830086,184.8344638,218.5359163,231.899767,247.3654666,218.9535146,241.9390372,253.8046542,278.8173371
Palau,PLW,Carbon dioxide (CO2) emissions (total) excluding LULUCF (% change from 1990),EN.GHG.CO2.ZG.AR5,-0.74214945,-9.281506563,-7.152465328,38.95820771,8.989285217,2.583607774,16.80504662,5.700635465,12.24546593,-1.572429148,9.634027552,-33.01637367,-20.30706434,-29.4123104,-19.51389211,-21.25330488,-35.82262628,-35.16396864,0.830279698,-2.096572197,9.91697203,67.16452526,-15.38104736,-41.19857136,-44.55679763,-46.922399,-44.51041328,-42.92406883,-41.17074076,-40.7950276,-38.35521128,-35.15005334,-33.22510321
Papua New Guinea,PNG,Carbon dioxide (CO2) emissions (total) excluding LULUCF (% change from 1990),EN.GHG.CO2.ZG.AR5,2.480369515,15.90762125,18.37875289,17.9630485,14.41108545,17.35796767,23.10854503,53.39953811,25.48267898,36.05080831,65.51963048,89.69053118,109.187067,122.5681293,141.5473441,145.5935335,144.0415704,135.6351039,128.6235566,95.42263279,106.4018476,96.77136259,111.3487298,155.7459584,175.8845266,205.7736721,200.4387991,212.2540416,229.4595843,175.4318707,156.7344111,168.4803695,174.9099307
Poland,POL,Carbon dioxide (CO2) emissions (total) excluding LULUCF (% change from 1990),EN.GHG.CO2.ZG.AR5,-0.619015884,-3.017291963,-2.89848441,-4.541414687,-4.06182407,0.24609367,-2.386755999,-10.08475334,-12.61909017,-15.74792235,-16.62751275,-18.57801301,-15.13542015,-14.54803066,-14.65499514,-10.98049338,-11.10183105,-12.64221108,-16.1987666,-11.34819388,-12.00782612,-13.94890575,-15.19576599,-18.56646602,-17.70488247,-14.75547285,-11.12328316,-11.29420023,-15.99953381,-20.09099248,-12.83237315,-14.59747549,-22.77595167
Pre-demographic dividend,PRE,Carbon dioxide (CO2) emissions (total) excluding LULUCF (% change from 1990),EN.GHG.CO2.ZG.AR5,-4.784033372,9.321111988,19.70128396,23.31424587,28.75812957,35.53558194,46.95653714,30.04791272,21.44837318,33.81838476,43.4540879,36.04804064,37.09142483,42.7533082,42.58128837,40.09224344,36.43392304,49.31386413,52.21426767,71.32102712,82.94277922,92.61870372,108.5232193,114.2371012,116.6520246,127.7450854,135.4827642,146.239018,160.0630239,141.7464023,157.4969427,165.9513579,
Puerto Rico,PRI,Carbon dioxide (CO2) emissions (total) excluding LULUCF (% change from 1990),EN.GHG.CO2.ZG.AR5,2.688918333,6.501987507,9.201421751,12.56756473,14.97150188,16.61934507,19.87033882,21.91358025,32.22705954,32.41634593,30.72959388,5.914148106,37.41245504,37.66694008,38.34889688,-10.78091152,-5.57974215,-19.04536564,-26.53164237,-29.36620607,-38.65385829,-40.38793194,-42.48743349,-39.47252193,-36.39398911,-40.32588807,-38.85103161,-27.98178644,-33.73293794,-34.33076745,-33.4663596,-33.57414769,-27.35977033
"Korea, Dem. People's Rep.",PRK,Carbon dioxide (CO2) emissions (total) excluding LULUCF (% change from 1990),EN.GHG.CO2.ZG.AR5,-3.825953192,-14.94356437,-21.18562189,-27.86688844,-32.48115971,-40.09146399,-41.89952601,-52.35946031,-48.04178396,-44.07109488,-41.89876823,-44.34632041,-43.18009768,-42.01122272,-39.57662856,-38.43154788,-48.48190233,-43.57755305,-45.70494337,-47.69684271,-61.42318578,-62.78567342,-71.21718341,-68.41339906,-75.19082784,-72.64605254,-44.22856147,-49.66297754,-44.3948183,-47.65198216,-56.59855491,-54.93848724,-51.29409803
Portugal,PRT,Carbon dioxide (CO2) emissions (total) excluding LULUCF (% change from 1990),EN.GHG.CO2.ZG.AR5,3.277043213,11.67174163,9.313869077,12.57024912,20.29032895,16.42472587,22.07258451,32.11942861,47.37452798,46.25826243,44.55593476,54.17498303,42.96759515,46.96081036,54.37389446,43.27209313,39.62129624,34.89828496,33.14827304,21.2449222,17.04189629,13.37111742,9.658785142,8.589522635,17.79462621,15.07798645,25.57669557,16.41927624,5.989822819,-7.069530446,-11.07409905,-10.31115108,-17.86660672
Paraguay,PRY,Carbon dioxide (CO2) emissions (total) excluding LULUCF (% change from 1990),EN.GHG.CO2.ZG.AR5,-2.287941311,17.12058689,33.50756534,55.55249885,76.5566254,74.18615314,92.91609354,102.1228794,102.3292068,66.84089867,73.09949564,81.21045392,86.99220541,89.15176525,74.35580009,87.89087575,78.44108207,108.4869326,115.0756534,139.3718478,148.8078863,146.9738652,157.3956901,171.8982118,204.4566713,243.5029803,287.303989,299.7982577,289.5873453,264.0531866,310.7977992,274.9977075,278.4456671
West Bank and Gaza,PSE,Carbon dioxide (CO2) emissions (total) excluding LULUCF (% change from 1990),EN.GHG.CO2.ZG.AR5,,,,,,,,,,,,,,,,,,,,,,,,,,,,,,,,,
Pacific island small states,PSS,Carbon dioxide (CO2) emissions (total) excluding LULUCF (% change from 1990),EN.GHG.CO2.ZG.AR5,-4.508209304,-10.0490596,-7.66440964,22.53504817,5.372278154,3.919461993,15.55883183,9.749087165,15.03279787,22.41220517,32.29322927,-0.575823389,14.96961088,21.98726035,21.83867772,24.61036828,9.963161313,-0.789752256,16.32236493,32.97774071,28.4582693,59.90106406,16.69372422,7.575968124,7.930090323,6.762003899,14.897669,19.15018447,26.16357436,8.796555678,13.28509234,15.8168865,
Post-demographic dividend,PST,Carbon dioxide (CO2) emissions (total) excluding LULUCF (% change from 1990),EN.GHG.CO2.ZG.AR5,-0.496438126,-1.360807901,-1.515626018,-1.026445438,0.217576498,2.335281824,4.275045598,4.201707679,4.81115866,7.183429786,7.225870924,6.390310379,8.266224471,9.031964715,9.006440818,8.059066957,9.185967447,6.157707311,-0.876107482,3.386774365,1.414258079,-0.402562972,0.126939528,-2.003356649,-3.132365385,-4.115801226,-4.83907126,-4.244328746,-7.319524572,-15.49291663,-11.23317119,-10.87924358,
French Polynesia,PYF,Carbon dioxide (CO2) emissions (total) excluding LULUCF (% change from 1990),EN.GHG.CO2.ZG.AR5,3.729330362,7.212384191,8.631406122,-11.64536179,-16.35979829,-17.1455377,-12.85328955,-10.32015949,-10.35534186,-15.73824323,-1.395567022,4.268793245,9.510965169,3.541691099,10.3436144,3.81142254,11.17626363,13.70939369,9.510965169,16.03142958,12.20827958,8.396857042,16.50052774,15.29259998,17.89609476,18.15409875,17.87263985,23.19690395,27.12560103,28.97853876,35.25272663,42.75829717,47.64864548
Qatar,QAT,Carbon dioxide (CO2) emissions (total) excluding LULUCF (% change from 1990),EN.GHG.CO2.ZG.AR5,6.154308192,11.73034343,14.65704056,20.75422811,23.5460734,34.16521411,64.27898431,76.90146983,91.57264333,86.97766995,90.96728223,113.170726,125.3545013,142.4318085,156.5076318,188.4645734,230.6308004,264.2577849,276.7136194,325.2196495,389.8360579,443.6466528,501.4303717,552.2577378,571.8041881,571.6310595,571.9313846,576.5834786,592.9511942,578.9154143,594.6695247,599.1673341,653.2146559
Romania,ROU,Carbon dioxide (CO2) emissions (total) excluding LULUCF (% change from 1990),EN.GHG.CO2.ZG.AR5,-19.03675589,-26.30617406,-30.17265807,-31.74402973,-28.94813653,-27.2697058,-33.75940362,-41.95006253,-50.35952677,-48.11224479,-44.39175528,-44.92614521,-42.6036023,-43.76857555,-44.34898491,-40.96591793,-42.96499328,-43.88096095,-54.36151242,-55.61223946,-52.1633924,-53.3271406,-57.64529675,-57.93318448,-57.23421118,-58.08471835,-56.43835208,-55.79700959,-56.77556155,-59.67760835,-57.17242584,-59.52964312,-62.30385817
Russian Federation,RUS,Carbon dioxide (CO2) emissions (total) excluding LULUCF (% change from 1990),EN.GHG.CO2.ZG.AR5,-1.753996455,-9.663540727,-17.54779623,-25.6597738,-27.54507402,-29.22620467,-34.12668898,-33.86973767,-31.82559557,-30.99486705,-30.86685932,-31.2355352,-28.69240268,-28.62623977,-28.60865133,-27.09425171,-26.97802434,-27.58118676,-31.77833459,-28.29793726,-24.77967862,-25.30556273,-27.58595637,-28.16265199,-27.87888087,-28.80231299,-27.62868581,-24.41519769,-21.60864493,-24.93423114,-19.63386326,-16.87487111,-15.05411247
Rwanda,RWA,Carbon dioxide (CO2) emissions (total) excluding LULUCF (% change from 1990),EN.GHG.CO2.ZG.AR5,-9.98552822,-9.732272069,-9.442836469,-13.2959479,-14.94211288,-14.68885673,-12.84370478,-10.09406657,-7.109261939,23.08248915,25.81403763,48.0463097,28.12952243,24.18596237,34.17149059,34.64182344,22.52170767,22.5397974,25.75976845,32.09117221,37.77134588,53.07525326,70.24240232,73.1186686,99.80101302,118.5962373,136.8487699,163.5672938,172.7206946,161.975398,204.142547,193.4515195,197.7568741
South Asia,SAS,Carbon dioxide (CO2) emissions (total) excluding LULUCF (% change from 1990),EN.GHG.CO2.ZG.AR5,6.743790059,11.41360241,17.0097111,24.13603874,33.30347511,39.65091973,46.87172981,50.54228746,61.25438709,66.75719201,70.3168153,76.1661865,81.8008722,96.4186549,104.6024608,118.2729654,137.9700339,151.3310479,173.0029395,188.0731166,205.4293482,231.5024108,240.4760569,265.986781,271.4433082,282.6607919,305.6168474,325.6732386,320.1619667,286.3548466,320.5039538,342.1958395,
Saudi Arabia,SAU,Carbon dioxide (CO2) emissions (total) excluding LULUCF (% change from 1990),EN.GHG.CO2.ZG.AR5,2.140927066,9.816315347,15.63404069,25.79670192,24.87451215,32.55754845,34.10710558,43.47207295,46.2405974,52.52151652,58.58834868,68.90017498,77.29781203,88.04643784,99.18166224,110.8891653,123.0432435,141.7971574,155.3258659,179.9701325,192.8151773,210.1396597,214.6557271,236.9272685,251.6020294,250.4867991,246.9327141,233.5429925,233.8199887,228.28524,236.1149687,248.0466218,258.1995074
Sudan,SDN,Carbon dioxide (CO2) emissions (total) excluding LULUCF (% change from 1990),EN.GHG.CO2.ZG.AR5,-10.8768576,-15.60200548,-39.69845621,-11.37822825,-17.10251046,-18.29642187,-1.199321887,-11.24476987,-1.837757899,8.204083105,18.08902034,44.23604098,48.12256529,65.383783,95.98542779,139.4856442,159.6919636,177.2904343,187.2132448,204.9668158,192.8166931,216.0077911,217.8437455,233.9363007,288.8580291,331.7973597,326.8756312,330.7387101,323.3750541,285.0003607,315.071779,286.0012985,283.66217
Senegal,SEN,Carbon dioxide (CO2) emissions (total) excluding LULUCF (% change from 1990),EN.GHG.CO2.ZG.AR5,0.558186739,10.51251691,7.924560217,10.2165088,16.47496617,25.6385318,38.21464817,55.08711096,71.12229364,68.7161705,90.84066306,97.99137348,92.12618403,118.9022327,143.0776387,137.4069689,162.9778417,172.4797023,178.7635318,195.0524357,216.2297023,211.3667118,231.5333221,254.4528078,289.7834912,335.3941137,331.4402909,353.9580514,366.3565629,357.3029432,416.8893775,422.564276,408.4531461
Singapore,SGP,Carbon dioxide (CO2) emissions (total) excluding LULUCF (% change from 1990),EN.GHG.CO2.ZG.AR5,5.785163137,8.055434432,24.72336499,31.59737363,30.6352336,34.35487642,33.32259023,29.76851764,30.83903666,43.82903293,45.05279921,42.87447627,34.10746899,40.6809866,31.86057975,32.61228127,37.00084049,35.6159276,38.27769036,54.48177148,62.23323917,58.49684974,66.31340803,70.22990249,74.37863765,67.41520845,79.78147256,71.33739044,76.63690194,70.24443728,75.96419386,76.17810808,80.32083973
Solomon Islands,SLB,Carbon dioxide (CO2) emissions (total) excluding LULUCF (% change from 1990),EN.GHG.CO2.ZG.AR5,3.757044458,13.9636819,15.52911709,18.72260488,7.764558547,8.954289292,12.2730119,15.52911709,15.52911709,47.65184721,62.11646838,69.88102693,74.07639324,79.39887289,87.16343143,87.7269881,102.6925485,105.5729493,105.2598622,124.420789,133.4376957,132.8115216,146.086412,134.4395742,108.8916719,102.6299311,108.5785848,121.9160927,125.6105197,129.1170946,140.2629931,153.6005009,162.2417032
Sierra Leone,SLE,Carbon dioxide (CO2) emissions (total) excluding LULUCF (% change from 1990),EN.GHG.CO2.ZG.AR5,32.30964065,-18.10986228,-20.10447997,-17.47665031,-10.57463986,1.013139148,-1.535539022,3.561817318,6.427101472,-31.20151971,-13.53490581,-8.690834257,-3.055247744,-3.086908343,-10.08390059,13.58239671,5.429792623,2.75447206,3.561817318,12.87003324,38.54677853,56.10258034,79.81636853,91.53078993,60.58255501,66.13899003,62.30805762,61.32657907,58.11302834,64.6984328,68.13360773,74.5923698,70.15988602
El Salvador,SLV,Carbon dioxide (CO2) emissions (total) excluding LULUCF (% change from 1990),EN.GHG.CO2.ZG.AR5,27.56266872,43.57886618,55.97763209,80.91785577,97.82105669,76.1357501,115.9159275,126.2630158,124.5738527,123.5750096,132.6841496,133.5595835,153.7061319,163.2857694,171.1338218,184.8669495,199.9035866,173.2819128,165.9005013,159.1901273,170.7211724,169.7608947,155.6266872,162.564597,180.0964134,182.5568839,155.6382568,173.7755496,212.5337447,156.6139607,190.4512148,205.3605862,223.1623602
San Marino,SMR,Carbon dioxide (CO2) emissions (total) excluding LULUCF (% change from 1990),EN.GHG.CO2.ZG.AR5,,,,,,,,,,,,,,,,,,,,,,,,,,,,,,,,,
Somalia,SOM,Carbon dioxide (CO2) emissions (total) excluding LULUCF (% change from 1990),EN.GHG.CO2.ZG.AR5,-24.15166481,-40.06691094,-38.48972439,-38.71276087,-37.07184961,-34.74589772,-34.66624184,-33.3598853,-31.38441931,0.446072965,4.938664967,16.98263502,18.91030747,18.17747332,20.32818225,25.37836546,25.55360841,22.11247411,23.89676597,26.20678668,26.73251553,25.68105783,26.28644257,23.53034889,29.95061335,32.24470288,30.60379162,31.71897403,39.31814561,45.05336944,47.61828899,37.99585789,38.31448144
Serbia,SRB,Carbon dioxide (CO2) emissions (total) excluding LULUCF (% change from 1990),EN.GHG.CO2.ZG.AR5,,,,,,,,,,,,,,,,,,,,,,,,,,,,,,,,,
Sub-Saharan Africa (excluding high income),SSA,Carbon dioxide (CO2) emissions (total) excluding LULUCF (% change from 1990),EN.GHG.CO2.ZG.AR5,-0.560189762,-0.022342485,-0.4667253,0.483634435,6.712268505,13.78962883,17.37212598,17.92152735,15.52061193,18.72387408,22.83119654,23.63735937,31.07483984,38.10656573,41.23815651,41.69167521,45.48534321,53.52093779,46.73050728,53.6336754,53.81314993,58.75228896,67.26926397,74.01633647,70.48715324,73.58615414,76.0056243,80.04266035,84.43349331,68.21994416,73.70782713,72.24085778,
South Sudan,SSD,Carbon dioxide (CO2) emissions (total) excluding LULUCF (% change from 1990),EN.GHG.CO2.ZG.AR5,,,,,,,,,,,,,,,,,,,,,,,,,,,,,,,,,
Sub-Saharan Africa,SSF,Carbon dioxide (CO2) emissions (total) excluding LULUCF (% change from 1990),EN.GHG.CO2.ZG.AR5,-0.535537163,-0.010494449,-0.454571095,0.495223821,6.723988081,13.80048091,17.38544343,17.93609005,15.5380061,18.81725899,22.93623005,23.72420493,31.15809328,38.24862396,41.35797393,41.83000449,45.58348617,53.62605744,46.85554631,53.73749024,53.88673667,58.8459271,67.33968792,74.11031689,70.5936729,73.70683408,76.1303073,80.14283094,84.53880032,68.33722746,73.8310475,72.36896136,
Small states,SST,Carbon dioxide (CO2) emissions (total) excluding LULUCF (% change from 1990),EN.GHG.CO2.ZG.AR5,-3.770075047,-14.46072672,-17.3192907,-12.47654986,-15.02480547,-11.7433001,-8.375471591,-10.09896336,-10.85921759,-6.918128677,-4.407796719,-6.414596252,0.982001161,2.629826477,7.75376224,14.91261797,20.13152718,21.72068889,17.69313687,26.41823265,25.86961634,29.56310978,32.769123,34.50452198,29.86050165,32.08462542,34.98800067,38.01778196,34.15243841,29.81520816,35.68518688,35.90120782,
Sao Tome and Principe,STP,Carbon dioxide (CO2) emissions (total) excluding LULUCF (% change from 1990),EN.GHG.CO2.ZG.AR5,32.72727273,12.72727273,9.87012987,33.76623377,37.4025974,42.5974026,42.5974026,45.45454545,49.87012987,43.11688312,43.8961039,66.23376623,88.05194805,114.5454545,132.2077922,149.6103896,153.5064935,172.987013,198.4415584,222.5974026,233.5064935,249.6103896,251.1688312,242.8571429,262.3376623,276.6233766,279.2207792,274.5454545,333.5064935,355.8441558,363.6363636,432.2077922,456.1038961
Suriname,SUR,Carbon dioxide (CO2) emissions (total) excluding LULUCF (% change from 1990),EN.GHG.CO2.ZG.AR5,14.06050665,11.59103335,12.09221797,12.71186441,14.91707673,13.44997266,16.78512849,18.68051759,16.21104429,34.86422453,38.53654091,1.858939311,12.47494077,26.98195735,53.85456534,39.51157281,28.87734646,33.00528522,32.24895207,59.39493348,78.19391289,122.7264443,108.4654638,138.8008019,148.3141972,169.7375615,123.2276289,95.94496082,142.4548934,137.2790231,137.6252962,131.3832695,139.5297977
Slovak Republic,SVK,Carbon dioxide (CO2) emissions (total) excluding LULUCF (% change from 1990),EN.GHG.CO2.ZG.AR5,-13.13960719,-18.85605137,-20.553863,-25.12457711,-24.52993892,-24.15666118,-24.85571158,-26.33315244,-27.61628434,-31.24695877,-30.77306264,-30.87500062,-30.10914621,-31.04324776,-30.35871281,-30.36151693,-31.82856606,-32.13553462,-38.61156518,-34.19128381,-37.51020617,-40.45766522,-40.00686184,-43.94433989,-43.07374338,-41.53098304,-37.78336036,-38.62228681,-42.63052762,-46.19852173,-39.5986151,-41.35498333,-42.49642475
Slovenia,SVN,Carbon dioxide (CO2) emissions (total) excluding LULUCF (% change from 1990),EN.GHG.CO2.ZG.AR5,-7.191753403,-11.39711769,-6.723378703,-6.073525487,-0.069388844,4.958633574,8.287963704,7.037630104,2.997731519,0.329597011,12.72884975,14.79783827,13.78436082,16.08420069,17.66813451,19.72711503,19.57699493,26.02148385,12.69148652,14.50960769,7.301174273,3.544835869,3.508807046,-5.723245263,-4.596343742,0.248198559,2.403255938,2.370563117,-1.830797972,-10.45302909,-8.18788364,-12.38390713,-19.42554043
Sweden,SWE,Carbon dioxide (CO2) emissions (total) excluding LULUCF (% change from 1990),EN.GHG.CO2.ZG.AR5,0.865419785,5.331650913,5.468332986,10.15245039,9.627423219,18.57528627,8.146146563,10.26060599,7.951711501,1.474101285,1.603958005,3.93140345,4.403052858,1.617258693,-4.565461263,-3.576835101,-7.523639348,-9.50299178,-17.88820071,-7.452935689,-15.19043611,-19.97413366,-23.0551681,-25.13725085,-24.92408982,-25.39381413,-26.70690708,-30.99690409,-31.50180522,-33.8570771,-30.20498811,-36.63167069,-38.06044463
Eswatini,SWZ,Carbon dioxide (CO2) emissions (total) excluding LULUCF (% change from 1990),EN.GHG.CO2.ZG.AR5,-1.384615385,-17.43891403,-25.8280543,32.0361991,28.23529412,2.687782805,4.597285068,6.606334842,14.45248869,-0.7239819,0.588235294,-2.108597285,-9.167420814,-10.12669683,-10.43438914,-9.683257919,-6.615384615,-8.343891403,-5.058823529,-22.61538462,-25.90045249,-26.66063348,-12.92307692,-11.1040724,-7.63800905,1.42081448,0.452488688,0.461538462,6.226244344,4.524886878,12.74208145,22.40723982,25.80995475
Sint Maarten (Dutch part),SXM,Carbon dioxide (CO2) emissions (total) excluding LULUCF (% change from 1990),EN.GHG.CO2.ZG.AR5,,,,,,,,,,,,,,,,,,,,,,,,,,,,,,,,,
Seychelles,SYC,Carbon dioxide (CO2) emissions (total) excluding LULUCF (% change from 1990),EN.GHG.CO2.ZG.AR5,42.1250942,19.78146194,20.3089676,19.85681989,27.54333082,32.32856066,40.46721929,43.14242653,47.40015072,186.6993218,213.8281839,184.1371515,185.9080633,299.7362472,263.7151469,299.3594574,226.1492087,248.5681989,285.2675207,246.948003,197.0987189,238.6963075,206.2547099,249.924642,268.6134137,310.5124341,325.2072344,278.5606631,303.014318,323.9261492,331.2735494,353.089676,366.2019593
Syrian Arab Republic,SYR,Carbon dioxide (CO2) emissions (total) excluding LULUCF (% change from 1990),EN.GHG.CO2.ZG.AR5,9.417514559,8.712738688,11.71545962,17.81271021,22.7491713,31.88550271,31.29950248,39.41957495,36.97497834,39.07809498,39.41624196,38.85417866,39.31988825,45.5307635,78.18770187,86.54774963,97.01424702,102.0340329,89.09415394,89.95012635,77.7483532,39.76438791,-5.487010429,-18.23478793,-22.40284334,-25.29466661,-18.76291534,-13.19773114,-17.97754171,-22.53495094,-23.13731313,-23.36274444,-22.44768721
Turks and Caicos Islands,TCA,Carbon dioxide (CO2) emissions (total) excluding LULUCF (% change from 1990),EN.GHG.CO2.ZG.AR5,2,2,0,2,0,-2,2,14,16,254,268,418,454,460,572,752,948,1074,1206,1364,1016,1058,1240,1418,1498,1660,1664,1730,2068,1660,1848,1856,1962
Chad,TCD,Carbon dioxide (CO2) emissions (total) excluding LULUCF (% change from 1990),EN.GHG.CO2.ZG.AR5,21.44680851,4.595744681,-45.78723404,-39.23404255,-37.40425532,-34.72340426,-32.21276596,-31.14893617,-29.53191489,3.063829787,2.893617021,11.57446809,68.29787234,93.74468085,104.7659574,112.7659574,141.4468085,106.8085106,112.1276596,121.4468085,192.893617,418.5957447,463.7021277,497.4042553,581.6595745,606.4255319,820.2553191,862.4255319,906.3404255,810.9361702,832,966.8085106,994.212766
East Asia & Pacific (IDA & IBRD countries),TEA,Carbon dioxide (CO2) emissions (total) excluding LULUCF (% change from 1990),EN.GHG.CO2.ZG.AR5,6.166985479,11.28188643,20.8050797,27.93705138,41.83057665,42.84328706,48.0467977,50.61600295,49.20514253,57.73939723,65.52109578,77.82801146,102.6461058,130.5662256,158.2468574,183.7276287,207.2697524,216.0263079,236.2618376,267.129028,299.7776426,312.2979358,330.3226759,337.5111261,334.433085,336.0946342,346.847025,370.3402435,383.9492461,389.5792022,415.0784635,417.0531535,
Europe & Central Asia (IDA & IBRD countries),TEC,Carbon dioxide (CO2) emissions (total) excluding LULUCF (% change from 1990),EN.GHG.CO2.ZG.AR5,-3.268245817,-11.15812587,-18.57643929,-26.44237188,-27.95946308,-30.15367173,-33.46251393,-34.17088324,-34.14465691,-32.92214126,-33.15513846,-32.87149984,-29.68985012,-29.61894714,-29.41898898,-26.79642062,-25.67784975,-25.39291915,-30.88993801,-27.38984496,-23.85860893,-24.59224492,-26.28685923,-28.51166625,-29.59329167,-29.10828971,-27.20468822,-25.16825779,-24.76713455,-27.26139229,-22.04729593,-23.05411237,
Togo,TGO,Carbon dioxide (CO2) emissions (total) excluding LULUCF (% change from 1990),EN.GHG.CO2.ZG.AR5,-7.459917848,-29.38916126,-45.56777527,-0.967271764,-2.332052471,49.6488671,12.52153173,38.62461905,79.38253611,65.73472903,49.19835696,58.81807341,90.40678415,82.50960647,73.71140851,61.83914138,61.33563005,110.5207367,259.1625812,234.5435272,206.9961574,193.1363456,151.9279184,129.7071684,104.6906055,177.5142441,141.2084272,164.1579436,162.0643964,193.5471048,225.957334,235.245793,230.2769312
Thailand,THA,Carbon dioxide (CO2) emissions (total) excluding LULUCF (% change from 1990),EN.GHG.CO2.ZG.AR5,9.038984027,19.54570192,35.7133195,51.41053241,71.46963184,92.8036265,96.49639751,75.12496762,83.00608087,83.31772658,92.41060896,104.505965,112.7351106,131.81628,140.315966,144.1194698,149.3475049,150.5092555,143.2167248,158.2545743,158.6389933,177.5944348,189.3613675,185.5633164,193.3345357,189.4235498,190.400536,187.9323272,198.2650813,187.7783918,180.4928868,189.2777936,187.4858307
Tajikistan,TJK,Carbon dioxide (CO2) emissions (total) excluding LULUCF (% change from 1990),EN.GHG.CO2.ZG.AR5,-5.60848536,-30.56060508,-52.94260858,-70.87742648,-75.28403558,-78.08462637,-75.84480296,-73.90768032,-75.68898916,-77.40294099,-77.75027592,-77.63990781,-77.14568591,-72.79831851,-74.10488217,-71.68165292,-67.13140297,-69.23813543,-75.24913978,-75.07871843,-74.98701552,-71.58021165,-70.8352269,-61.30542751,-58.68012725,-53.61861326,-43.73092904,-33.42206064,-26.63766799,-23.82733883,-23.89144972,-25.47068753,-24.46114393
Turkmenistan,TKM,Carbon dioxide (CO2) emissions (total) excluding LULUCF (% change from 1990),EN.GHG.CO2.ZG.AR5,-15.23510848,-38.10254345,-41.25067296,-25.67394264,-24.70378914,-31.52681545,-31.05497901,-28.6397717,-15.61108947,-13.90670069,-11.83245867,-5.415176676,5.378847896,12.31961448,15.76515851,20.27474187,33.02986401,35.54880531,19.55473171,34.92508831,44.74151854,49.46360338,42.84760733,38.27608997,43.4192385,43.55689393,43.555362,41.73191987,43.29887206,45.97472742,42.8852492,45.79505316,44.41280874
Latin America & the Caribbean (IDA & IBRD countries),TLA,Carbon dioxide (CO2) emissions (total) excluding LULUCF (% change from 1990),EN.GHG.CO2.ZG.AR5,3.377912983,6.080663406,10.2040385,15.45818306,18.5133386,26.17583519,33.66464527,39.43178662,38.50334584,43.51508903,43.97389347,44.68866325,47.76792428,54.92809061,59.75871246,64.48426439,70.02502736,74.84431715,69.7401722,82.11816642,88.79438284,98.10963943,101.8791225,103.1536647,101.3270005,97.6211769,96.11652809,90.41593042,89.38957746,69.93278329,86.51011565,89.83870354,
Timor-Leste,TLS,Carbon dioxide (CO2) emissions (total) excluding LULUCF (% change from 1990),EN.GHG.CO2.ZG.AR5,5.882352941,11.76470588,11.76470588,17.64705882,17.64705882,17.64705882,17.64705882,3700,9517.647059,13329.41176,7217.647059,6129.411765,15423.52941,30241.17647,20464.70588,19952.94118,18329.41176,18182.35294,19735.29412,19570.58824,21711.76471,36888.23529,44517.64706,43664.70588,40794.11765,38770.58824,40388.23529,39917.64706,38405.88235,38129.41176,39064.70588,41788.23529,41247.05882
Middle East & North Africa (IDA & IBRD countries),TMN,Carbon dioxide (CO2) emissions (total) excluding LULUCF (% change from 1990),EN.GHG.CO2.ZG.AR5,3.722400926,13.60793096,19.13154533,28.04874064,32.81112954,35.52184371,42.53518779,39.65191154,44.87745097,51.7383532,59.3846118,63.29358894,67.8772046,78.13804172,91.76612984,101.6775588,109.5102751,116.8647361,124.7610303,129.7831279,130.66441,142.8129702,146.6528304,152.9376664,151.0765065,155.1381498,167.6412325,174.5802723,170.3233114,158.4288141,176.2198996,182.7691997,
Tonga,TON,Carbon dioxide (CO2) emissions (total) excluding LULUCF (% change from 1990),EN.GHG.CO2.ZG.AR5,6.02006689,11.48272018,13.04347826,57.41360089,29.87736901,47.93756968,59.6432553,67.00111483,66.88963211,12.7090301,7.023411371,18.06020067,39.91081382,24.63768116,35.11705686,48.38350056,27.31326644,37.90412486,45.81939799,40.69119287,33.77926421,31.66109253,33.11036789,46.9342252,50.16722408,59.6432553,97.10144928,75.36231884,110.7023411,114.2697882,124.6376812,137.1237458,145.2619844
South Asia (IDA & IBRD),TSA,Carbon dioxide (CO2) emissions (total) excluding LULUCF (% change from 1990),EN.GHG.CO2.ZG.AR5,6.743790059,11.41360241,17.0097111,24.13603874,33.30347511,39.65091973,46.87172981,50.54228746,61.25438709,66.75719201,70.3168153,76.1661865,81.8008722,96.4186549,104.6024608,118.2729654,137.9700339,151.3310479,173.0029395,188.0731166,205.4293482,231.5024108,240.4760569,265.986781,271.4433082,282.6607919,305.6168474,325.6732386,320.1619667,286.3548466,320.5039538,342.1958395,
Sub-Saharan Africa (IDA & IBRD countries),TSS,Carbon dioxide (CO2) emissions (total) excluding LULUCF (% change from 1990),EN.GHG.CO2.ZG.AR5,-0.535537163,-0.010494449,-0.454571095,0.495223821,6.723988081,13.80048091,17.38544343,17.93609005,15.5380061,18.81725899,22.93623005,23.72420493,31.15809328,38.24862396,41.35797393,41.83000449,45.58348617,53.62605744,46.85554631,53.73749024,53.88673667,58.8459271,67.33968792,74.11031689,70.5936729,73.70683408,76.1303073,80.14283094,84.53880032,68.33722746,73.8310475,72.36896136,
Trinidad and Tobago,TTO,Carbon dioxide (CO2) emissions (total) excluding LULUCF (% change from 1990),EN.GHG.CO2.ZG.AR5,2.08075147,4.821407428,2.214942574,12.99522438,9.065003749,17.39353515,17.21671863,41.71606741,45.64865612,51.03050874,71.53254134,85.47026088,114.2510952,127.4286616,176.431306,204.3304259,211.1899593,204.133086,195.4919683,223.8149741,225.6581284,200.3946797,194.3884438,193.1649367,189.7256976,165.8452066,156.6278565,157.237242,161.956822,135.0088803,126.2201523,120.4159924,114.8336425
Tunisia,TUN,Carbon dioxide (CO2) emissions (total) excluding LULUCF (% change from 1990),EN.GHG.CO2.ZG.AR5,3.220172618,9.730918937,13.80741242,14.55000846,17.00930784,20.69385683,24.36689795,29.83245896,36.49077678,43.03198511,48.9984769,47.40903706,45.97258419,54.43425283,58.71179557,64.06566255,69.10610932,72.11507869,71.694703,87.70418006,77.77356575,91.1633102,91.02318497,104.4447453,107.9404299,102.1215096,105.0654933,104.3296666,104.712811,94.38009816,109.9448299,106.1797258,113.2171264
Turkiye,TUR,Carbon dioxide (CO2) emissions (total) excluding LULUCF (% change from 1990),EN.GHG.CO2.ZG.AR5,-1.701366868,2.453183086,6.036249594,5.450651467,14.95988595,25.36846406,31.76293008,32.76487906,31.84207541,46.33276101,33.23317711,40.09407209,48.03129205,52.01736815,58.59474496,76.58110205,93.54946197,93.0464895,94.22948022,101.1798326,114.4467947,121.7911981,115.1621964,129.02726,137.0519394,152.1490407,179.1858729,176.4367327,166.5916462,172.4935807,196.8951569,179.5516945,182.4970224
Tuvalu,TUV,Carbon dioxide (CO2) emissions (total) excluding LULUCF (% change from 1990),EN.GHG.CO2.ZG.AR5,,,,,,,,,,,,,,,,,,,,,,,,,,,,,,,,,
Tanzania,TZA,Carbon dioxide (CO2) emissions (total) excluding LULUCF (% change from 1990),EN.GHG.CO2.ZG.AR5,6.037337429,-1.775687479,3.109852666,2.150021596,41.09516725,68.36396794,57.28271824,36.81432068,27.88789173,49.34971445,57.74823631,79.45961511,89.82099151,161.2420214,196.2470605,216.9074243,199.5824735,201.358161,191.6542688,251.9364592,326.4721409,408.8112492,456.3948745,440.2409176,533.6516773,578.4421942,581.3648798,617.0465998,716.0243797,706.1333205,826.0402169,810.9516725,829.7643615
Uganda,UGA,Carbon dioxide (CO2) emissions (total) excluding LULUCF (% change from 1990),EN.GHG.CO2.ZG.AR5,1.698385931,3.517224765,4.312213924,-5.914237533,21.86220188,33.05227656,39.80968441,63.35822693,68.1161166,70.09154421,72.99445917,97.16935678,108.3232956,118.0799807,167.3813539,210.3348591,274.2471694,304.2881233,346.2057336,340.3276319,392.8812334,400.373404,407.3476271,458.1907974,547.3982173,595.0975669,622.7896892,695.3143821,717.9113467,718.2727054,812.5993736,769.7904119,769.3567815
Ukraine,UKR,Carbon dioxide (CO2) emissions (total) excluding LULUCF (% change from 1990),EN.GHG.CO2.ZG.AR5,-5.662733133,-17.46175615,-27.94812313,-40.36748004,-41.10630496,-49.55889843,-51.49905537,-53.72169146,-53.75281636,-54.16911348,-54.29114346,-54.21687652,-50.09577431,-53.17831054,-54.67217843,-54.76913026,-53.36812787,-55.36434782,-62.9989611,-59.98556161,-57.58070801,-58.65011883,-59.87685997,-65.7241402,-71.22554579,-71.07871774,-73.83481806,-72.20377147,-73.54153112,-74.71085987,-75.29677178,-82.38985,-82.66197964
Upper middle income,UMC,Carbon dioxide (CO2) emissions (total) excluding LULUCF (% change from 1990),EN.GHG.CO2.ZG.AR5,2.284630043,3.217474449,6.051288369,8.424459766,15.29228436,15.429855,19.04025485,20.47289172,19.44534621,25.46254477,29.30299753,36.10609534,50.54679347,66.03755281,81.14518421,96.12994545,109.7623555,116.0232267,123.1569522,141.1085931,158.8462272,167.2836749,177.1995696,180.0255629,176.1693042,176.7633965,182.9256339,193.6838106,198.8461395,197.7675157,214.1398529,215.2609525,
Uruguay,URY,Carbon dioxide (CO2) emissions (total) excluding LULUCF (% change from 1990),EN.GHG.CO2.ZG.AR5,13.20874489,24.40900896,17.62689485,10.49945408,20.97351649,41.80737882,43.91488713,49.80321458,74.78099688,41.34525049,27.27826727,16.87276236,16.47157403,45.87766295,41.11926466,64.49991113,54.94248788,100.63987,98.50950918,63.56041947,97.24500419,124.8584415,93.94154838,70.32983775,74.68704771,73.03405022,62.27560115,74.00655105,81.24571516,75.09331437,116.6950207,121.1715715,123.8859406
United States,USA,Carbon dioxide (CO2) emissions (total) excluding LULUCF (% change from 1990),EN.GHG.CO2.ZG.AR5,-0.894961797,0.67008567,3.048719449,4.700439553,5.775801468,8.886597915,14.36531545,15.27584165,15.61633212,18.96461553,17.93905687,14.91116887,16.23823779,17.98549925,18.14872175,16.18025605,17.84058202,14.16009096,5.808942776,10.79411627,6.503140519,2.090862002,4.839828882,5.222132744,2.99790291,0.910821148,-0.482474203,2.69481153,-0.338285334,-10.38899252,-4.587387502,-3.956408455,-6.055027574
Uzbekistan,UZB,Carbon dioxide (CO2) emissions (total) excluding LULUCF (% change from 1990),EN.GHG.CO2.ZG.AR5,0.208598285,-8.176786851,-8.161378579,-12.3859827,-19.07810039,-16.40097174,-16.32987468,-4.108064392,-3.466939479,2.200410783,3.194205238,6.464591477,0.230341939,2.689564767,-2.518978768,4.219676598,1.262539753,5.923659441,-3.971267092,6.040981311,8.19094369,-4.097661853,-5.550106606,-11.77997613,-16.11173422,-11.0518766,-7.696236471,-4.706640574,-2.070418151,-3.766814179,4.568044338,8.648968271,7.857984223
St. Vincent and the Grenadines,VCT,Carbon dioxide (CO2) emissions (total) excluding LULUCF (% change from 1990),EN.GHG.CO2.ZG.AR5,-4.452054795,15.75342466,-6.164383562,72.94520548,89.04109589,68.49315068,103.4246575,127.0547945,130.1369863,42.46575342,65.4109589,89.7260274,104.7945205,119.5205479,125.6849315,149.3150685,166.7808219,178.4246575,324.3150685,231.5068493,134.5890411,198.630137,181.1643836,215.0684932,225,245.890411,273.2876712,248.2876712,247.260274,181.5068493,211.6438356,212.6712329,229.7945205
"Venezuela, RB",VEN,Carbon dioxide (CO2) emissions (total) excluding LULUCF (% change from 1990),EN.GHG.CO2.ZG.AR5,2.734778273,3.550834627,7.422886038,19.47295101,16.90682374,30.0937719,30.46460912,32.15765066,28.61724705,34.28294568,39.67763288,44.37139484,39.40467173,45.93760693,52.01518444,54.98324701,52.04579508,59.97385422,61.09007036,72.34630581,68.60927269,88.91816722,88.11224942,87.09342193,71.50695027,58.83755594,48.13825872,37.2260518,16.49474988,-29.48906547,-30.61181317,-24.10997605,-17.53131985
British Virgin Islands,VGB,Carbon dioxide (CO2) emissions (total) excluding LULUCF (% change from 1990),EN.GHG.CO2.ZG.AR5,0.546448087,1.092896175,-1.639344262,0.546448087,-1.639344262,27.86885246,31.69398907,34.9726776,36.61202186,51.36612022,50.81967213,68.85245902,87.97814208,93.98907104,103.8251366,144.8087432,165.5737705,200,246.4480874,285.2459016,201.6393443,211.4754098,257.3770492,282.5136612,291.8032787,321.8579235,266.6666667,372.1311475,333.3333333,251.3661202,288.5245902,290.1639344,311.4754098
Virgin Islands (U.S.),VIR,Carbon dioxide (CO2) emissions (total) excluding LULUCF (% change from 1990),EN.GHG.CO2.ZG.AR5,0,0,0,0,0,0,0,0,0,0,0,0,0,0,0,0,0,0,0,0,0,0,0,0,0,0,0,0,0,0,0,0,0
Viet Nam,VNM,Carbon dioxide (CO2) emissions (total) excluding LULUCF (% change from 1990),EN.GHG.CO2.ZG.AR5,0.694096775,5.44292415,23.463679,45.1493426,66.9531193,87.99718084,116.8323329,142.3962865,148.3068024,174.7101854,201.7017036,255.0970909,277.2605536,346.6517608,388.5371959,401.2000875,455.3887282,511.1507522,584.1966608,661.7619754,661.6171288,658.936496,692.6123411,769.2254599,875.5525312,990.9898656,1019.905218,1279.737526,1547.488274,1611.249423,1557.982842,1479.219384,1712.761562
Vanuatu,VUT,Carbon dioxide (CO2) emissions (total) excluding LULUCF (% change from 1990),EN.GHG.CO2.ZG.AR5,-6.829268293,-47.80487805,-47.02439024,-45.56097561,-50.63414634,-50.04878049,-48.58536585,-47.02439024,-47.02439024,-17.07317073,-3.512195122,-5.073170732,9.365853659,-14.82926829,-13.07317073,-21.65853659,27.70731707,25.46341463,40.68292683,51.02439024,75.2195122,44.09756098,47.31707317,71.02439024,55.31707317,61.85365854,85.26829268,142.2439024,140.9756098,144.7804878,156.6829268,171.0243902,180.2926829
World,WLD,Carbon dioxide (CO2) emissions (total) excluding LULUCF (% change from 1990),EN.GHG.CO2.ZG.AR5,0.608047593,-0.020371638,0.469063018,1.306004666,4.184035012,6.113475793,8.043612737,8.606090963,9.298925644,12.74781665,14.31316234,15.95227632,21.47219608,26.95001563,31.69335587,36.10553,41.23905588,42.16375119,40.5740353,49.14655606,53.92446324,56.35234486,59.45922491,60.34491818,59.46018315,59.69032235,62.30083002,66.53456255,66.59404064,59.72224995,69.13585386,70.6678628,
Samoa,WSM,Carbon dioxide (CO2) emissions (total) excluding LULUCF (% change from 1990),EN.GHG.CO2.ZG.AR5,3.721682848,1.375404531,15.53398058,18.68932039,7.766990291,8.980582524,12.21682848,15.53398058,15.45307443,52.42718447,64.72491909,70.14563107,73.30097087,70.38834951,76.21359223,76.94174757,92.63754045,97.49190939,100.8090615,112.8640777,116.5857605,116.9093851,125.4854369,131.7152104,165.9385113,186.4886731,192.3139159,189.9676375,225.7281553,231.0679612,247.1682848,266.4239482,278.9644013
Kosovo,XKX,Carbon dioxide (CO2) emissions (total) excluding LULUCF (% change from 1990),EN.GHG.CO2.ZG.AR5,,,,,,,,,,,,,,,,,,,,,,,,,,,,,,,,,
"Yemen, Rep.",YEM,Carbon dioxide (CO2) emissions (total) excluding LULUCF (% change from 1990),EN.GHG.CO2.ZG.AR5,25.25431598,35.00063315,22.10403388,41.05637865,56.96115262,60.72488849,72.88984565,84.07974899,107.3853643,121.5215342,135.9475469,136.5961758,174.8568373,187.5860031,209.8476215,222.831455,242.222785,255.2122466,288.8143177,270.6597442,223.6123422,209.5662206,305.0272255,298.944747,100.5093355,49.54764819,46.21867657,71.01149522,75.37742884,61.86034078,62.48505058,57.45219704,53.34655917
South Africa,ZAF,Carbon dioxide (CO2) emissions (total) excluding LULUCF (% change from 1990),EN.GHG.CO2.ZG.AR5,-2.577666861,-4.641378812,-3.956434445,-1.800306082,3.490883586,7.045255719,11.7733863,13.69510031,8.446904639,10.5233143,13.73936726,17.99841454,25.25568063,35.49353515,38.84076595,40.21701945,46.37808178,55.27125204,45.41451975,47.76897424,41.50079289,46.67289777,50.4457087,54.04269295,46.40602311,46.54754369,49.51202925,50.74943537,52.30517529,33.26968567,36.37569181,30.28912907,26.45932166
Zambia,ZMB,Carbon dioxide (CO2) emissions (total) excluding LULUCF (% change from 1990),EN.GHG.CO2.ZG.AR5,3.546895641,3.599735799,-6.05680317,-21.18890357,-22.17635403,-34.52113606,-17.48678996,-22.64531044,-36.36063408,-35.59775429,-35.09577279,-31.77344782,-26.09643329,-24.02906209,-18.41479524,-20.55151915,-27.06076618,-22.02443857,-12.50990753,-3.523778071,8.56340819,43.66908851,51.18890357,65.44914135,75.69352708,91.64464993,133.7252312,166.0568032,132.0574637,146.9352708,156.4266843,157.8269485,166.1492734
Zimbabwe,ZWE,Carbon dioxide (CO2) emissions (total) excluding LULUCF (% change from 1990),EN.GHG.CO2.ZG.AR5,10.00821428,10.29715028,1.513611011,-4.941207557,-6.5639594,-9.715831739,-15.23491128,-14.01023626,-3.200698501,-16.16031065,-16.56987598,-23.85416487,-37.63520539,-40.87956022,-34.30641001,-38.87481547,-39.78183322,-52.76212468,-54.38832308,-42.18408037,-8.978269486,-26.8182001,-26.95663662,-27.63560748,-27.10828494,-35.28350767,-39.19477043,-29.51799962,-35.84127476,-47.88755048,-38.97706319,-37.02574,-32.53890296
